language,license,rightsHolder,accessRights,datasetID,institutionCode,datasetName,taxonID,scientificName,kingdom,phylum,class,order,family,genus,taxonRank,nomenclaturalCode
en,http://creativecommons.org/publicdomain/zero/1.0/,INBO,https://www.inbo.be/en/norms-data-use,https://doi.org/10.15468/wr3gis,INBO,Checklist of alien birds of Belgium,alien-birds-checklist:taxon:01618c26be3a3de6bc68f52e85f835f7,"Lamprotornis purpureus (Statius Muller, 1776)",Animalia,Chordata,Aves,Passeriformes,Sturnidae,Lamprotornis,species,ICZN
en,http://creativecommons.org/publicdomain/zero/1.0/,INBO,https://www.inbo.be/en/norms-data-use,https://doi.org/10.15468/wr3gis,INBO,Checklist of alien birds of Belgium,alien-birds-checklist:taxon:02a68ca9782b6059cba1de5b0982e3be,"Chen canagica (Sevastianov, 1802)",Animalia,Chordata,Aves,Anseriformes,Anatidae,Chen,species,ICZN
en,http://creativecommons.org/publicdomain/zero/1.0/,INBO,https://www.inbo.be/en/norms-data-use,https://doi.org/10.15468/wr3gis,INBO,Checklist of alien birds of Belgium,alien-birds-checklist:taxon:02b9a1f07eb0261a093c544b7bde82c7,"Neochmia ruficauda (Gould, 1837)",Animalia,Chordata,Aves,Passeriformes,Estrildidae,Neochmia,species,ICZN
en,http://creativecommons.org/publicdomain/zero/1.0/,INBO,https://www.inbo.be/en/norms-data-use,https://doi.org/10.15468/wr3gis,INBO,Checklist of alien birds of Belgium,alien-birds-checklist:taxon:032ebf7daaca04554b301519defa9e6e,"Pteronetta hartlaubii (Cassin, 1860)",Animalia,Chordata,Aves,Anseriformes,Anatidae,Pteronetta,species,ICZN
en,http://creativecommons.org/publicdomain/zero/1.0/,INBO,https://www.inbo.be/en/norms-data-use,https://doi.org/10.15468/wr3gis,INBO,Checklist of alien birds of Belgium,alien-birds-checklist:taxon:0355544c8efb0e8215798995f9a95eb4,"Platycercus adscitus (Latham, 1790)",Animalia,Chordata,Aves,Psittaciformes,Psittacidae,Platycercus,species,ICZN
en,http://creativecommons.org/publicdomain/zero/1.0/,INBO,https://www.inbo.be/en/norms-data-use,https://doi.org/10.15468/wr3gis,INBO,Checklist of alien birds of Belgium,alien-birds-checklist:taxon:06c841aebefcabf51b72de806a635894,"Anthropoides virgo (Linnaeus, 1758)",Animalia,Chordata,Aves,Gruiformes,Gruidae,Anthropoides,species,ICZN
en,http://creativecommons.org/publicdomain/zero/1.0/,INBO,https://www.inbo.be/en/norms-data-use,https://doi.org/10.15468/wr3gis,INBO,Checklist of alien birds of Belgium,alien-birds-checklist:taxon:09fe61d7893e5ee72e490877a076319c,"Nandayus nenday (Vieillot, 1823)",Animalia,Chordata,Aves,Psittaciformes,Psittacidae,Nandayus,species,ICZN
en,http://creativecommons.org/publicdomain/zero/1.0/,INBO,https://www.inbo.be/en/norms-data-use,https://doi.org/10.15468/wr3gis,INBO,Checklist of alien birds of Belgium,alien-birds-checklist:taxon:0a8ccd288a70af2118313f3a6a5cd0b7,"Agapornis canus (Gmelin, 1788)",Animalia,Chordata,Aves,Psittaciformes,Psittacidae,Agapornis,species,ICZN
en,http://creativecommons.org/publicdomain/zero/1.0/,INBO,https://www.inbo.be/en/norms-data-use,https://doi.org/10.15468/wr3gis,INBO,Checklist of alien birds of Belgium,alien-birds-checklist:taxon:0f05a45a4d177725103e393705b0f8c8,"Eudocimus albus (Linnaeus, 1758)",Animalia,Chordata,Aves,Pelecaniformes,Threskiornithidae,Eudocimus,species,ICZN
en,http://creativecommons.org/publicdomain/zero/1.0/,INBO,https://www.inbo.be/en/norms-data-use,https://doi.org/10.15468/wr3gis,INBO,Checklist of alien birds of Belgium,alien-birds-checklist:taxon:0fa77bcb7efe2d7f528e7a6fa6dfafaa,"Ploceus jacksoni Shelley, 1888",Animalia,Chordata,Aves,Passeriformes,Ploceidae,Ploceus,species,ICZN
en,http://creativecommons.org/publicdomain/zero/1.0/,INBO,https://www.inbo.be/en/norms-data-use,https://doi.org/10.15468/wr3gis,INBO,Checklist of alien birds of Belgium,alien-birds-checklist:taxon:0fbec03d52ed1658cc4540bbab7b3c57,"Dendrocygna autumnalis Linnaeus, 1758",Animalia,Chordata,Aves,Anseriformes,Anatidae,Dendrocygna,species,ICZN
en,http://creativecommons.org/publicdomain/zero/1.0/,INBO,https://www.inbo.be/en/norms-data-use,https://doi.org/10.15468/wr3gis,INBO,Checklist of alien birds of Belgium,alien-birds-checklist:taxon:0fbf2767f778127ab0293c164156f148,"Phalacrocorax auritus (Lesson, 1831)",Animalia,Chordata,Aves,Suliformes,Phalacrocoracidae,Phalacrocorax,species,ICZN
en,http://creativecommons.org/publicdomain/zero/1.0/,INBO,https://www.inbo.be/en/norms-data-use,https://doi.org/10.15468/wr3gis,INBO,Checklist of alien birds of Belgium,alien-birds-checklist:taxon:114c7e74dfaca813b5cf703766ba80bb,"Cereopsis novaehollandiae Latham, 1802",Animalia,Chordata,Aves,Anseriformes,Anatidae,Cereopsis,species,ICZN
en,http://creativecommons.org/publicdomain/zero/1.0/,INBO,https://www.inbo.be/en/norms-data-use,https://doi.org/10.15468/wr3gis,INBO,Checklist of alien birds of Belgium,alien-birds-checklist:taxon:13eee1331f9710bb25a636bf365fe5a4,"Anas cyanoptera Vieillot, 1816",Animalia,Chordata,Aves,Anseriformes,Anatidae,Anas,species,ICZN
en,http://creativecommons.org/publicdomain/zero/1.0/,INBO,https://www.inbo.be/en/norms-data-use,https://doi.org/10.15468/wr3gis,INBO,Checklist of alien birds of Belgium,alien-birds-checklist:taxon:14f0ef59e13a77a68895e3e1fbea46fa,"Dendrocygna bicolor (Vieillot, 1816)",Animalia,Chordata,Aves,Anseriformes,Anatidae,Dendrocygna,species,ICZN
en,http://creativecommons.org/publicdomain/zero/1.0/,INBO,https://www.inbo.be/en/norms-data-use,https://doi.org/10.15468/wr3gis,INBO,Checklist of alien birds of Belgium,alien-birds-checklist:taxon:153becc9a3510c595bad8be049a71d47,"Balearica regulorum (E.T.Bennett, 1834)",Animalia,Chordata,Aves,Gruiformes,Gruidae,Balearica,species,ICZN
en,http://creativecommons.org/publicdomain/zero/1.0/,INBO,https://www.inbo.be/en/norms-data-use,https://doi.org/10.15468/wr3gis,INBO,Checklist of alien birds of Belgium,alien-birds-checklist:taxon:16a0aa16b23173b580eb4c25a1479284,"Coturnix japonica Temminck & Schlegel, 1849",Animalia,Chordata,Aves,Galliformes,Phasianidae,Coturnix,species,ICZN
en,http://creativecommons.org/publicdomain/zero/1.0/,INBO,https://www.inbo.be/en/norms-data-use,https://doi.org/10.15468/wr3gis,INBO,Checklist of alien birds of Belgium,alien-birds-checklist:taxon:16c3ec22a4e127e0261ded793bfdcf57,"Passerina caerulea (Linnaeus, 1758)",Animalia,Chordata,Aves,Passeriformes,Cardinalidae,Passerina,species,ICZN
en,http://creativecommons.org/publicdomain/zero/1.0/,INBO,https://www.inbo.be/en/norms-data-use,https://doi.org/10.15468/wr3gis,INBO,Checklist of alien birds of Belgium,alien-birds-checklist:taxon:16e238473a69ad7c3dd28493d992bf16,"Ara ararauna (Linnaeus, 1758)",Animalia,Chordata,Aves,Psittaciformes,Psittacidae,Ara,species,ICZN
en,http://creativecommons.org/publicdomain/zero/1.0/,INBO,https://www.inbo.be/en/norms-data-use,https://doi.org/10.15468/wr3gis,INBO,Checklist of alien birds of Belgium,alien-birds-checklist:taxon:177b38de3a31818e3032dc9a3c634c30,"Plegadis ridgwayi (Allen, 1876)",Animalia,Chordata,Aves,Pelecaniformes,Threskiornithidae,Plegadis,species,ICZN
en,http://creativecommons.org/publicdomain/zero/1.0/,INBO,https://www.inbo.be/en/norms-data-use,https://doi.org/10.15468/wr3gis,INBO,Checklist of alien birds of Belgium,alien-birds-checklist:taxon:181a6b53c8b750dd328f07fd8224bf0e,"Falco biarmicus Temminck, 1825",Animalia,Chordata,Aves,Falconiformes,Falconidae,Falco,species,ICZN
en,http://creativecommons.org/publicdomain/zero/1.0/,INBO,https://www.inbo.be/en/norms-data-use,https://doi.org/10.15468/wr3gis,INBO,Checklist of alien birds of Belgium,alien-birds-checklist:taxon:1a36956b64f66958ce82e9457640fd8a,"Psittacus erithacus Linnaeus, 1758",Animalia,Chordata,Aves,Psittaciformes,Psittacidae,Psittacus,species,ICZN
en,http://creativecommons.org/publicdomain/zero/1.0/,INBO,https://www.inbo.be/en/norms-data-use,https://doi.org/10.15468/wr3gis,INBO,Checklist of alien birds of Belgium,alien-birds-checklist:taxon:1b1604cfc1effab2db6ab2386604a7b6,"Vanellus armatus (Burchell, 1822)",Animalia,Chordata,Aves,Charadriiformes,Charadriidae,Vanellus,species,ICZN
en,http://creativecommons.org/publicdomain/zero/1.0/,INBO,https://www.inbo.be/en/norms-data-use,https://doi.org/10.15468/wr3gis,INBO,Checklist of alien birds of Belgium,alien-birds-checklist:taxon:1f0f7e63abdfdcbb3c9a12309cf3f68d,"Iduna rama (Sykes, 1832)",Animalia,Chordata,Aves,Passeriformes,Acrocephalidae,Iduna,species,ICZN
en,http://creativecommons.org/publicdomain/zero/1.0/,INBO,https://www.inbo.be/en/norms-data-use,https://doi.org/10.15468/wr3gis,INBO,Checklist of alien birds of Belgium,alien-birds-checklist:taxon:1fc5bdaaf03fa61783a5ce655f7cf132,"Euplectes franciscanus (Isert, 1789)",Animalia,Chordata,Aves,Passeriformes,Ploceidae,Euplectes,species,ICZN
en,http://creativecommons.org/publicdomain/zero/1.0/,INBO,https://www.inbo.be/en/norms-data-use,https://doi.org/10.15468/wr3gis,INBO,Checklist of alien birds of Belgium,alien-birds-checklist:taxon:1fd26e897bdfd60c5eaec9e855ce1781,"Gymnorhina tibicen (Latham, 1802)",Animalia,Chordata,Aves,Passeriformes,Cracticidae,Gymnorhina,species,ICZN
en,http://creativecommons.org/publicdomain/zero/1.0/,INBO,https://www.inbo.be/en/norms-data-use,https://doi.org/10.15468/wr3gis,INBO,Checklist of alien birds of Belgium,alien-birds-checklist:taxon:21e4e021fa4e01bed8e1e723fdd42f53,"Buteo jamaicensis (Gmelin, 1788)",Animalia,Chordata,Aves,Accipitriformes,Accipitridae,Buteo,species,ICZN
en,http://creativecommons.org/publicdomain/zero/1.0/,INBO,https://www.inbo.be/en/norms-data-use,https://doi.org/10.15468/wr3gis,INBO,Checklist of alien birds of Belgium,alien-birds-checklist:taxon:22791b6a46b12b5ec298792e29c9802b,"Melospiza melodia (A.Wilson, 1810)",Animalia,Chordata,Aves,Passeriformes,Emberizidae,Melospiza,species,ICZN
en,http://creativecommons.org/publicdomain/zero/1.0/,INBO,https://www.inbo.be/en/norms-data-use,https://doi.org/10.15468/wr3gis,INBO,Checklist of alien birds of Belgium,alien-birds-checklist:taxon:22f2001e6caa049f99c4cb04843c38e1,"Anas rhynchotis Latham, 1802",Animalia,Chordata,Aves,Anseriformes,Anatidae,Anas,species,ICZN
en,http://creativecommons.org/publicdomain/zero/1.0/,INBO,https://www.inbo.be/en/norms-data-use,https://doi.org/10.15468/wr3gis,INBO,Checklist of alien birds of Belgium,alien-birds-checklist:taxon:248a9afb0d8dffa1ba966152e74fa538,"Lamprotornis superbus Rüppell, 1845",Animalia,Chordata,Aves,Passeriformes,Sturnidae,Lamprotornis,species,ICZN
en,http://creativecommons.org/publicdomain/zero/1.0/,INBO,https://www.inbo.be/en/norms-data-use,https://doi.org/10.15468/wr3gis,INBO,Checklist of alien birds of Belgium,alien-birds-checklist:taxon:25914e24ce273ec9755886a788a895c6,"Lagopus lagopus (Linnaeus, 1758)",Animalia,Chordata,Aves,Galliformes,Phasianidae,Lagopus,species,ICZN
en,http://creativecommons.org/publicdomain/zero/1.0/,INBO,https://www.inbo.be/en/norms-data-use,https://doi.org/10.15468/wr3gis,INBO,Checklist of alien birds of Belgium,alien-birds-checklist:taxon:2690e087f458f338f510946759bc3a25,"Anas gibberifrons S.Muller, 1842",Animalia,Chordata,Aves,Anseriformes,Anatidae,Anas,species,ICZN
en,http://creativecommons.org/publicdomain/zero/1.0/,INBO,https://www.inbo.be/en/norms-data-use,https://doi.org/10.15468/wr3gis,INBO,Checklist of alien birds of Belgium,alien-birds-checklist:taxon:26a14c3f3e6d068dd85c29cca3d8dd5d,"Grus vipio Pallas, 1811",Animalia,Chordata,Aves,Gruiformes,Gruidae,Grus,species,ICZN
en,http://creativecommons.org/publicdomain/zero/1.0/,INBO,https://www.inbo.be/en/norms-data-use,https://doi.org/10.15468/wr3gis,INBO,Checklist of alien birds of Belgium,alien-birds-checklist:taxon:26eea5e58304ef3134e04beb74410ac0,"Anas laysanensis Rothschild, 1892",Animalia,Chordata,Aves,Anseriformes,Anatidae,Anas,species,ICZN
en,http://creativecommons.org/publicdomain/zero/1.0/,INBO,https://www.inbo.be/en/norms-data-use,https://doi.org/10.15468/wr3gis,INBO,Checklist of alien birds of Belgium,alien-birds-checklist:taxon:2722ff4699b2ed8661691eab07efd4f7,"Lonchura oryzivora (Linnaeus, 1758)",Animalia,Chordata,Aves,Passeriformes,Estrildidae,Lonchura,species,ICZN
en,http://creativecommons.org/publicdomain/zero/1.0/,INBO,https://www.inbo.be/en/norms-data-use,https://doi.org/10.15468/wr3gis,INBO,Checklist of alien birds of Belgium,alien-birds-checklist:taxon:27e3ec934a90d5c9bb7ed292d83b6499,"Myiopsitta monachus (Boddaert, 1783)",Animalia,Chordata,Aves,Psittaciformes,Psittacidae,Myiopsitta,species,ICZN
en,http://creativecommons.org/publicdomain/zero/1.0/,INBO,https://www.inbo.be/en/norms-data-use,https://doi.org/10.15468/wr3gis,INBO,Checklist of alien birds of Belgium,alien-birds-checklist:taxon:28759ab9c61635d47ef01ab8087dcb56,"Euodice malabarica (Linnaeus, 1758)",Animalia,Chordata,Aves,Passeriformes,Estrildidae,Euodice,species,ICZN
en,http://creativecommons.org/publicdomain/zero/1.0/,INBO,https://www.inbo.be/en/norms-data-use,https://doi.org/10.15468/wr3gis,INBO,Checklist of alien birds of Belgium,alien-birds-checklist:taxon:2a99c4464c63c2b5e8c0e261cfa156d6,"Chloephaga poliocephala P.L.Sclater, 1857",Animalia,Chordata,Aves,Anseriformes,Anatidae,Chloephaga,species,ICZN
en,http://creativecommons.org/publicdomain/zero/1.0/,INBO,https://www.inbo.be/en/norms-data-use,https://doi.org/10.15468/wr3gis,INBO,Checklist of alien birds of Belgium,alien-birds-checklist:taxon:2c0220e3bb62469ce59a88c5a9530b9e,"Taeniopygia guttata (Vieillot, 1817)",Animalia,Chordata,Aves,Passeriformes,Estrildidae,Taeniopygia,species,ICZN
en,http://creativecommons.org/publicdomain/zero/1.0/,INBO,https://www.inbo.be/en/norms-data-use,https://doi.org/10.15468/wr3gis,INBO,Checklist of alien birds of Belgium,alien-birds-checklist:taxon:2c745ffb8a92518eeac38c7c7ef84130,"Quiscalus quiscula Linnaeus, 1758",Animalia,Chordata,Aves,Passeriformes,Emberizidae,Quiscalus,species,ICZN
en,http://creativecommons.org/publicdomain/zero/1.0/,INBO,https://www.inbo.be/en/norms-data-use,https://doi.org/10.15468/wr3gis,INBO,Checklist of alien birds of Belgium,alien-birds-checklist:taxon:2e94b373d3b23738361d0d7652b2e8c6,"Dromaius novaehollandiae (Latham, 1790)",Animalia,Chordata,Aves,Casuariformes,Dromaiidae,Dromaius,species,ICZN
en,http://creativecommons.org/publicdomain/zero/1.0/,INBO,https://www.inbo.be/en/norms-data-use,https://doi.org/10.15468/wr3gis,INBO,Checklist of alien birds of Belgium,alien-birds-checklist:taxon:2ebb7fe5bdb4df9ef01bab57ccde242e,"Lonchura striata domestica (Linnaeus, 1766)",Animalia,Chordata,Aves,Passeriformes,Estrildidae,Lonchura,subspecies,ICZN
en,http://creativecommons.org/publicdomain/zero/1.0/,INBO,https://www.inbo.be/en/norms-data-use,https://doi.org/10.15468/wr3gis,INBO,Checklist of alien birds of Belgium,alien-birds-checklist:taxon:2f1cc5dc5bc8aa87b7dbdc1e5a0dc702,"Chloephaga melanoptera (Eyton, 1838)",Animalia,Chordata,Aves,Anseriformes,Anatidae,Chloephaga,species,ICZN
en,http://creativecommons.org/publicdomain/zero/1.0/,INBO,https://www.inbo.be/en/norms-data-use,https://doi.org/10.15468/wr3gis,INBO,Checklist of alien birds of Belgium,alien-birds-checklist:taxon:2fdab454b5dd4efd55754d57df31f3a4,"Streptopelia lugens (Rüppell, 1837)",Animalia,Chordata,Aves,Columbiformes,Columbidae,Streptopelia,species,ICZN
en,http://creativecommons.org/publicdomain/zero/1.0/,INBO,https://www.inbo.be/en/norms-data-use,https://doi.org/10.15468/wr3gis,INBO,Checklist of alien birds of Belgium,alien-birds-checklist:taxon:3064511dc675631b54fb2dda3dfc4ce8,"Polytelis swainsonii (Desmarest, 1826)",Animalia,Chordata,Aves,Psittaciformes,Psittacidae,Polytelis,species,ICZN
en,http://creativecommons.org/publicdomain/zero/1.0/,INBO,https://www.inbo.be/en/norms-data-use,https://doi.org/10.15468/wr3gis,INBO,Checklist of alien birds of Belgium,alien-birds-checklist:taxon:30b195ac79d43a85c192fa86c926f81a,"Meleagris gallopavo Linnaeus, 1758",Animalia,Chordata,Aves,Galliformes,Phasianidae,Meleagris,species,ICZN
en,http://creativecommons.org/publicdomain/zero/1.0/,INBO,https://www.inbo.be/en/norms-data-use,https://doi.org/10.15468/wr3gis,INBO,Checklist of alien birds of Belgium,alien-birds-checklist:taxon:31742fd9558173e9220f0ec2201aad7b,"Oriolus auratus Vieillot, 1817",Animalia,Chordata,Aves,Passeriformes,Oriolidae,Oriolus,species,ICZN
en,http://creativecommons.org/publicdomain/zero/1.0/,INBO,https://www.inbo.be/en/norms-data-use,https://doi.org/10.15468/wr3gis,INBO,Checklist of alien birds of Belgium,alien-birds-checklist:taxon:3384bbaae45d47a690b7f1ccb88d34b0,"Amazonetta brasiliensis (Gmelin, 1789)",Animalia,Chordata,Aves,Anseriformes,Anatidae,Amazonetta,species,ICZN
en,http://creativecommons.org/publicdomain/zero/1.0/,INBO,https://www.inbo.be/en/norms-data-use,https://doi.org/10.15468/wr3gis,INBO,Checklist of alien birds of Belgium,alien-birds-checklist:taxon:340c6912ddbb81a0ce3bfb810d59aa1d,"Lophura leucomelanos (Latham, 1790)",Animalia,Chordata,Aves,Galliformes,Phasianidae,Lophura,species,ICZN
en,http://creativecommons.org/publicdomain/zero/1.0/,INBO,https://www.inbo.be/en/norms-data-use,https://doi.org/10.15468/wr3gis,INBO,Checklist of alien birds of Belgium,alien-birds-checklist:taxon:34bf5ee8748ff44b29b2411c2781ccf7,"Pavo cristatus Linnaeus, 1758",Animalia,Chordata,Aves,Galliformes,Phasianidae,Pavo,species,ICZN
en,http://creativecommons.org/publicdomain/zero/1.0/,INBO,https://www.inbo.be/en/norms-data-use,https://doi.org/10.15468/wr3gis,INBO,Checklist of alien birds of Belgium,alien-birds-checklist:taxon:34fed7744ca533e51edd851dcbc7cff6,"Corvus splendens Vieillot, 1817",Animalia,Chordata,Aves,Passeriformes,Corvidae,Corvus,species,ICZN
en,http://creativecommons.org/publicdomain/zero/1.0/,INBO,https://www.inbo.be/en/norms-data-use,https://doi.org/10.15468/wr3gis,INBO,Checklist of alien birds of Belgium,alien-birds-checklist:taxon:35c0c9930367b4b37e1c8ef7b582fedc,"Geopelia cuneata (Latham, 1802)",Animalia,Chordata,Aves,Columbiformes,Columbidae,Geopelia,species,ICZN
en,http://creativecommons.org/publicdomain/zero/1.0/,INBO,https://www.inbo.be/en/norms-data-use,https://doi.org/10.15468/wr3gis,INBO,Checklist of alien birds of Belgium,alien-birds-checklist:taxon:36611146cb19000169889b5de238f19c,"Zonotrichia capensis (P.L.Statius Müller, 1776)",Animalia,Chordata,Aves,Passeriformes,Emberizidae,Zonotrichia,species,ICZN
en,http://creativecommons.org/publicdomain/zero/1.0/,INBO,https://www.inbo.be/en/norms-data-use,https://doi.org/10.15468/wr3gis,INBO,Checklist of alien birds of Belgium,alien-birds-checklist:taxon:37af8ffca9c98f27fd4b47df16e7cb0e,"Amandava amandava (Linnaeus, 1758)",Animalia,Chordata,Aves,Passeriformes,Estrildidae,Amandava,species,ICZN
en,http://creativecommons.org/publicdomain/zero/1.0/,INBO,https://www.inbo.be/en/norms-data-use,https://doi.org/10.15468/wr3gis,INBO,Checklist of alien birds of Belgium,alien-birds-checklist:taxon:37e2914ab2a3e3efeecbf5a0c62bd5fd,"Vanellus miles (Boddaert, 1783)",Animalia,Chordata,Aves,Charadriiformes,Charadriidae,Vanellus,species,ICZN
en,http://creativecommons.org/publicdomain/zero/1.0/,INBO,https://www.inbo.be/en/norms-data-use,https://doi.org/10.15468/wr3gis,INBO,Checklist of alien birds of Belgium,alien-birds-checklist:taxon:37f677bae6c12d26bc9bd1a8ea759ce9,"Anas puna Tschudi, 1844",Animalia,Chordata,Aves,Anseriformes,Anatidae,Anas,species,ICZN
en,http://creativecommons.org/publicdomain/zero/1.0/,INBO,https://www.inbo.be/en/norms-data-use,https://doi.org/10.15468/wr3gis,INBO,Checklist of alien birds of Belgium,alien-birds-checklist:taxon:39ed9f7e345b387c59a78d1dd2668037,"Lamprotornis nitens (Linnaeus, 1766)",Animalia,Chordata,Aves,Passeriformes,Sturnidae,Lamprotornis,species,ICZN
en,http://creativecommons.org/publicdomain/zero/1.0/,INBO,https://www.inbo.be/en/norms-data-use,https://doi.org/10.15468/wr3gis,INBO,Checklist of alien birds of Belgium,alien-birds-checklist:taxon:3bf0851c969d76afc035e72c39da2cd5,"Haemorhous mexicanus (P.L.Statius Müller, 1776)",Animalia,Chordata,Aves,Passeriformes,Fringillidae,Haemorhous,species,ICZN
en,http://creativecommons.org/publicdomain/zero/1.0/,INBO,https://www.inbo.be/en/norms-data-use,https://doi.org/10.15468/wr3gis,INBO,Checklist of alien birds of Belgium,alien-birds-checklist:taxon:3da1f8abb64a7a992163cc992c54ead4,"Platycercus icterotis (Temminck & Kuhl, 1820)",Animalia,Chordata,Aves,Psittaciformes,Psittacidae,Platycercus,species,ICZN
en,http://creativecommons.org/publicdomain/zero/1.0/,INBO,https://www.inbo.be/en/norms-data-use,https://doi.org/10.15468/wr3gis,INBO,Checklist of alien birds of Belgium,alien-birds-checklist:taxon:3daa3fdb19b37827fb27f5ff05e10fcc,"Anas flavirostris Vieillot, 1816",Animalia,Chordata,Aves,Anseriformes,Anatidae,Anas,species,ICZN
en,http://creativecommons.org/publicdomain/zero/1.0/,INBO,https://www.inbo.be/en/norms-data-use,https://doi.org/10.15468/wr3gis,INBO,Checklist of alien birds of Belgium,alien-birds-checklist:taxon:3f5d388b1d6e0bb2e4d1352450e494bf,"Buteo auguralis Salvadori, 1865",Animalia,Chordata,Aves,Accipitriformes,Accipitridae,Buteo,species,ICZN
en,http://creativecommons.org/publicdomain/zero/1.0/,INBO,https://www.inbo.be/en/norms-data-use,https://doi.org/10.15468/wr3gis,INBO,Checklist of alien birds of Belgium,alien-birds-checklist:taxon:3f5e6ddba11820f2e9c4417d84fc09bb,"Amandava subflava (Vieillot, 1819)",Animalia,Chordata,Aves,Passeriformes,Estrildidae,Amandava,species,ICZN
en,http://creativecommons.org/publicdomain/zero/1.0/,INBO,https://www.inbo.be/en/norms-data-use,https://doi.org/10.15468/wr3gis,INBO,Checklist of alien birds of Belgium,alien-birds-checklist:taxon:405be8ce357d73f4b03d34e906af0ee2,"Onychognathus tristramii (P.L.Sclater, 1858)",Animalia,Chordata,Aves,Passeriformes,Sturnidae,Onychognathus,species,ICZN
en,http://creativecommons.org/publicdomain/zero/1.0/,INBO,https://www.inbo.be/en/norms-data-use,https://doi.org/10.15468/wr3gis,INBO,Checklist of alien birds of Belgium,alien-birds-checklist:taxon:40f05116ddb6798eda1c02fb44793fa7,"Amazona amazonica (Linnaeus, 1766)",Animalia,Chordata,Aves,Psittaciformes,Psittacidae,Amazona,species,ICZN
en,http://creativecommons.org/publicdomain/zero/1.0/,INBO,https://www.inbo.be/en/norms-data-use,https://doi.org/10.15468/wr3gis,INBO,Checklist of alien birds of Belgium,alien-birds-checklist:taxon:42c6717959208a4eebb6967b07422dd5,"Alectoris chukar (J.E.Gray, 1830)",Animalia,Chordata,Aves,Galliformes,Phasianidae,Alectoris,species,ICZN
en,http://creativecommons.org/publicdomain/zero/1.0/,INBO,https://www.inbo.be/en/norms-data-use,https://doi.org/10.15468/wr3gis,INBO,Checklist of alien birds of Belgium,alien-birds-checklist:taxon:43519ae4fcdc169a839e559c5e4e9908,"Leiothrix lutea (Scopoli, 1786)",Animalia,Chordata,Aves,Passeriformes,Leiothrichidae,Leiothrix,species,ICZN
en,http://creativecommons.org/publicdomain/zero/1.0/,INBO,https://www.inbo.be/en/norms-data-use,https://doi.org/10.15468/wr3gis,INBO,Checklist of alien birds of Belgium,alien-birds-checklist:taxon:4374700aef8a5baf0b4688421bd0fa65,"Pyrrhula erythaca Blyth, 1862",Animalia,Chordata,Aves,Passeriformes,Fringillidae,Pyrrhula,species,ICZN
en,http://creativecommons.org/publicdomain/zero/1.0/,INBO,https://www.inbo.be/en/norms-data-use,https://doi.org/10.15468/wr3gis,INBO,Checklist of alien birds of Belgium,alien-birds-checklist:taxon:44647e04d00955f4a3a32b4a375c22dd,"Threskiornis aethiopicus (Latham, 1790)",Animalia,Chordata,Aves,Pelecaniformes,Threskiornithidae,Threskiornis,species,ICZN
en,http://creativecommons.org/publicdomain/zero/1.0/,INBO,https://www.inbo.be/en/norms-data-use,https://doi.org/10.15468/wr3gis,INBO,Checklist of alien birds of Belgium,alien-birds-checklist:taxon:467a1af53afb48adf85d89798f8464f6,"Pelecanus rufescens Gmelin, 1789",Animalia,Chordata,Aves,Pelecaniformes,Pelecanidae,Pelecanus,species,ICZN
en,http://creativecommons.org/publicdomain/zero/1.0/,INBO,https://www.inbo.be/en/norms-data-use,https://doi.org/10.15468/wr3gis,INBO,Checklist of alien birds of Belgium,alien-birds-checklist:taxon:477170c2d1dcff317c7e425bf7d4b7d8,"Phoenicopterus roseus Pallas, 1811",Animalia,Chordata,Aves,Phoenicopteriformes,Phoenicopteridae,Phoenicopterus,species,ICZN
en,http://creativecommons.org/publicdomain/zero/1.0/,INBO,https://www.inbo.be/en/norms-data-use,https://doi.org/10.15468/wr3gis,INBO,Checklist of alien birds of Belgium,alien-birds-checklist:taxon:492e32faca85f5e2011651ac276256c5,"Scopus umbretta Gmelin, 1789",Animalia,Chordata,Aves,Pelecaniformes,Scopidae,Scopus,species,ICZN
en,http://creativecommons.org/publicdomain/zero/1.0/,INBO,https://www.inbo.be/en/norms-data-use,https://doi.org/10.15468/wr3gis,INBO,Checklist of alien birds of Belgium,alien-birds-checklist:taxon:4a259ec57dc8f5138b7d4f22d9f7fbd7,"Anas formosa Georgi, 1775",Animalia,Chordata,Aves,Anseriformes,Anatidae,Anas,species,ICZN
en,http://creativecommons.org/publicdomain/zero/1.0/,INBO,https://www.inbo.be/en/norms-data-use,https://doi.org/10.15468/wr3gis,INBO,Checklist of alien birds of Belgium,alien-birds-checklist:taxon:4a9485f6919d491dffb9da492b9bd053,"Himantopus mexicanus (Statius Muller, 1776)",Animalia,Chordata,Aves,Charadriiformes,Recurvirostridae,Himantopus,species,ICZN
en,http://creativecommons.org/publicdomain/zero/1.0/,INBO,https://www.inbo.be/en/norms-data-use,https://doi.org/10.15468/wr3gis,INBO,Checklist of alien birds of Belgium,alien-birds-checklist:taxon:4b1cd6a0f60dfeeca3b2b86a67d14587,"Falco cherrug J.E.Gray, 1834",Animalia,Chordata,Aves,Falconiformes,Falconidae,Falco,species,ICZN
en,http://creativecommons.org/publicdomain/zero/1.0/,INBO,https://www.inbo.be/en/norms-data-use,https://doi.org/10.15468/wr3gis,INBO,Checklist of alien birds of Belgium,alien-birds-checklist:taxon:4b878766a36dc2787ef2d79236adcee7,"Threskiornis spinicollis (Jameson, 1835)",Animalia,Chordata,Aves,Pelecaniformes,Threskiornithidae,Threskiornis,species,ICZN
en,http://creativecommons.org/publicdomain/zero/1.0/,INBO,https://www.inbo.be/en/norms-data-use,https://doi.org/10.15468/wr3gis,INBO,Checklist of alien birds of Belgium,alien-birds-checklist:taxon:4ca8cffef93fa1da75e8499068663618,"Gracupica nigricollis (Paykull, 1807)",Animalia,Chordata,Aves,Passeriformes,Sturnidae,Gracupica,species,ICZN
en,http://creativecommons.org/publicdomain/zero/1.0/,INBO,https://www.inbo.be/en/norms-data-use,https://doi.org/10.15468/wr3gis,INBO,Checklist of alien birds of Belgium,alien-birds-checklist:taxon:4d8682be5667247c5fea795c1595b533,"Parabuteo unicinctus (Temminck, 1824)",Animalia,Chordata,Aves,Accipitriformes,Accipitridae,Parabuteo,species,ICZN
en,http://creativecommons.org/publicdomain/zero/1.0/,INBO,https://www.inbo.be/en/norms-data-use,https://doi.org/10.15468/wr3gis,INBO,Checklist of alien birds of Belgium,alien-birds-checklist:taxon:4e46f4f3eeee3b2811b384437db60fd8,"Dacelo novaeguineae (Hermann, 1783)",Animalia,Chordata,Aves,Coraciiformes,Alcedinidae,Dacelo,species,ICZN
en,http://creativecommons.org/publicdomain/zero/1.0/,INBO,https://www.inbo.be/en/norms-data-use,https://doi.org/10.15468/wr3gis,INBO,Checklist of alien birds of Belgium,alien-birds-checklist:taxon:4f1afac14a9504796868d62a3e3a028d,"Tadorna ferruginea (Pallas, 1764)",Animalia,Chordata,Aves,Anseriformes,Anatidae,Tadorna,species,ICZN
en,http://creativecommons.org/publicdomain/zero/1.0/,INBO,https://www.inbo.be/en/norms-data-use,https://doi.org/10.15468/wr3gis,INBO,Checklist of alien birds of Belgium,alien-birds-checklist:taxon:517d479d76289daba42b844edcdbcd8a,"Anas erythrorhyncha Gmelin, 1789",Animalia,Chordata,Aves,Anseriformes,Anatidae,Anas,species,ICZN
en,http://creativecommons.org/publicdomain/zero/1.0/,INBO,https://www.inbo.be/en/norms-data-use,https://doi.org/10.15468/wr3gis,INBO,Checklist of alien birds of Belgium,alien-birds-checklist:taxon:53d9f79f0841235cf53eff325208c9b7,"Cardinalis cardinalis Linnaeus, 1758",Animalia,Chordata,Aves,Passeriformes,Emberizidae,Cardinalis,species,ICZN
en,http://creativecommons.org/publicdomain/zero/1.0/,INBO,https://www.inbo.be/en/norms-data-use,https://doi.org/10.15468/wr3gis,INBO,Checklist of alien birds of Belgium,alien-birds-checklist:taxon:54220f5a9a41ee8f062d639a8b5992f0,"Streptopelia tranquebarica (Hermann, 1804)",Animalia,Chordata,Aves,Columbiformes,Columbidae,Streptopelia,species,ICZN
en,http://creativecommons.org/publicdomain/zero/1.0/,INBO,https://www.inbo.be/en/norms-data-use,https://doi.org/10.15468/wr3gis,INBO,Checklist of alien birds of Belgium,alien-birds-checklist:taxon:5456f19d84bd910b7d59cdcd9b241a48,"Aix sponsa Linnaeus, 1758",Animalia,Chordata,Aves,Anseriformes,Anatidae,Aix,species,ICZN
en,http://creativecommons.org/publicdomain/zero/1.0/,INBO,https://www.inbo.be/en/norms-data-use,https://doi.org/10.15468/wr3gis,INBO,Checklist of alien birds of Belgium,alien-birds-checklist:taxon:5518b76f1bb28dc447145e388b000732,"Alectoris rufa (Linnaeus, 1758)",Animalia,Chordata,Aves,Galliformes,Phasianidae,Alectoris,species,ICZN
en,http://creativecommons.org/publicdomain/zero/1.0/,INBO,https://www.inbo.be/en/norms-data-use,https://doi.org/10.15468/wr3gis,INBO,Checklist of alien birds of Belgium,alien-birds-checklist:taxon:561817ca8a2c1347275e65a374f07018,"Pelecanus onocrotalus Linnaeus, 1758",Animalia,Chordata,Aves,Pelecaniformes,Pelecanidae,Pelecanus,species,ICZN
en,http://creativecommons.org/publicdomain/zero/1.0/,INBO,https://www.inbo.be/en/norms-data-use,https://doi.org/10.15468/wr3gis,INBO,Checklist of alien birds of Belgium,alien-birds-checklist:taxon:5744b7d502ea1317043a4f193d5cccaf,"Egretta novaehollandiae (Latham, 1790)",Animalia,Chordata,Aves,Pelecaniformes,Ardeidae,Egretta,species,ICZN
en,http://creativecommons.org/publicdomain/zero/1.0/,INBO,https://www.inbo.be/en/norms-data-use,https://doi.org/10.15468/wr3gis,INBO,Checklist of alien birds of Belgium,alien-birds-checklist:taxon:5814a153586bc21cae2b168d9abeaf12,"Gallus gallus (Linnaeus, 1758)",Animalia,Chordata,Aves,Galliformes,Phasianidae,Gallus,species,ICZN
en,http://creativecommons.org/publicdomain/zero/1.0/,INBO,https://www.inbo.be/en/norms-data-use,https://doi.org/10.15468/wr3gis,INBO,Checklist of alien birds of Belgium,alien-birds-checklist:taxon:5ab9fd6e283a4c187b4abd9236445ae7,Poephila guttata,Animalia,Chordata,Aves,Passeriformes,Estrildidae,Poephila,species,ICZN
en,http://creativecommons.org/publicdomain/zero/1.0/,INBO,https://www.inbo.be/en/norms-data-use,https://doi.org/10.15468/wr3gis,INBO,Checklist of alien birds of Belgium,alien-birds-checklist:taxon:5b005b9a7bb7bf8fb633cb286f620a07,"Psittacula cyanocephala (Linnaeus, 1766)",Animalia,Chordata,Aves,Psittaciformes,Psittacidae,Psittacula,species,ICZN
en,http://creativecommons.org/publicdomain/zero/1.0/,INBO,https://www.inbo.be/en/norms-data-use,https://doi.org/10.15468/wr3gis,INBO,Checklist of alien birds of Belgium,alien-birds-checklist:taxon:5b443df0269468f804952c0e215e8d36,"Vidua macroura (Pallas, 1764)",Animalia,Chordata,Aves,Passeriformes,Viduidae,Vidua,species,ICZN
en,http://creativecommons.org/publicdomain/zero/1.0/,INBO,https://www.inbo.be/en/norms-data-use,https://doi.org/10.15468/wr3gis,INBO,Checklist of alien birds of Belgium,alien-birds-checklist:taxon:5bb0a072a7ee3448d9b3c0c9a9e994d2,"Netta peposaca (Vieillot, 1816)",Animalia,Chordata,Aves,Anseriformes,Anatidae,Netta,species,ICZN
en,http://creativecommons.org/publicdomain/zero/1.0/,INBO,https://www.inbo.be/en/norms-data-use,https://doi.org/10.15468/wr3gis,INBO,Checklist of alien birds of Belgium,alien-birds-checklist:taxon:5c5c94c7420c04810ccdcbfaf70a0fea,"Branta hutchinsii (Richardson, 1832)",Animalia,Chordata,Aves,Anseriformes,Anatidae,Branta,species,ICZN
en,http://creativecommons.org/publicdomain/zero/1.0/,INBO,https://www.inbo.be/en/norms-data-use,https://doi.org/10.15468/wr3gis,INBO,Checklist of alien birds of Belgium,alien-birds-checklist:taxon:5c8aec7f688ab5cc6642f7cd45c5d7f5,"Pycnonotus cafer (Linnaeus, 1766)",Animalia,Chordata,Aves,Passeriformes,Pycnonotidae,Pycnonotus,species,ICZN
en,http://creativecommons.org/publicdomain/zero/1.0/,INBO,https://www.inbo.be/en/norms-data-use,https://doi.org/10.15468/wr3gis,INBO,Checklist of alien birds of Belgium,alien-birds-checklist:taxon:5f8c0aa6688a7fea941312c3fa92291e,"Euplectes macroura (Gmelin, 1789)",Animalia,Chordata,Aves,Passeriformes,Ploceidae,Euplectes,species,ICZN
en,http://creativecommons.org/publicdomain/zero/1.0/,INBO,https://www.inbo.be/en/norms-data-use,https://doi.org/10.15468/wr3gis,INBO,Checklist of alien birds of Belgium,alien-birds-checklist:taxon:607335fd767c49ecbdb6225f4914a937,"Mycerobas icterioides (Vigors, 1830)",Animalia,Chordata,Aves,Passeriformes,Fringillidae,Mycerobas,species,ICZN
en,http://creativecommons.org/publicdomain/zero/1.0/,INBO,https://www.inbo.be/en/norms-data-use,https://doi.org/10.15468/wr3gis,INBO,Checklist of alien birds of Belgium,alien-birds-checklist:taxon:60fefe934e12e988136a4c834f22f3fd,"Branta sandvicensis (Vigors, 1834)",Animalia,Chordata,Aves,Anseriformes,Anatidae,Branta,species,ICZN
en,http://creativecommons.org/publicdomain/zero/1.0/,INBO,https://www.inbo.be/en/norms-data-use,https://doi.org/10.15468/wr3gis,INBO,Checklist of alien birds of Belgium,alien-birds-checklist:taxon:635af7bb31cdbd05e263c675ebd44651,"Psittacula eupatria (Linnaeus, 1766)",Animalia,Chordata,Aves,Psittaciformes,Psittacidae,Psittacula,species,ICZN
en,http://creativecommons.org/publicdomain/zero/1.0/,INBO,https://www.inbo.be/en/norms-data-use,https://doi.org/10.15468/wr3gis,INBO,Checklist of alien birds of Belgium,alien-birds-checklist:taxon:641434e11b4b236cc173848d6d6c31ff,"Corvus albicollis Latham, 1790",Animalia,Chordata,Aves,Passeriformes,Corvidae,Corvus,species,ICZN
en,http://creativecommons.org/publicdomain/zero/1.0/,INBO,https://www.inbo.be/en/norms-data-use,https://doi.org/10.15468/wr3gis,INBO,Checklist of alien birds of Belgium,alien-birds-checklist:taxon:6592c24d34d26e105420dcbb514147e4,"Garrulax leucolophus (Hardwicke, 1816)",Animalia,Chordata,Aves,Passeriformes,Leiothrichidae,Garrulax,species,ICZN
en,http://creativecommons.org/publicdomain/zero/1.0/,INBO,https://www.inbo.be/en/norms-data-use,https://doi.org/10.15468/wr3gis,INBO,Checklist of alien birds of Belgium,alien-birds-checklist:taxon:65c4bffa0aa4f55dec049099412922ba,"Chloris spinoides (Vigors, 1831)",Animalia,Chordata,Aves,Passeriformes,Fringillidae,Chloris,species,ICZN
en,http://creativecommons.org/publicdomain/zero/1.0/,INBO,https://www.inbo.be/en/norms-data-use,https://doi.org/10.15468/wr3gis,INBO,Checklist of alien birds of Belgium,alien-birds-checklist:taxon:661f807909e59d96fbdf2c44b466eb8e,Cygnus buccinator,Animalia,Chordata,Aves,Anseriformes,Anatidae,Cygnus,species,ICZN
en,http://creativecommons.org/publicdomain/zero/1.0/,INBO,https://www.inbo.be/en/norms-data-use,https://doi.org/10.15468/wr3gis,INBO,Checklist of alien birds of Belgium,alien-birds-checklist:taxon:6887054017a3307005ec268ace02a52f,"Psittacula alexandri (Linnaeus, 1758)",Animalia,Chordata,Aves,Psittaciformes,Psittacidae,Psittacula,species,ICZN
en,http://creativecommons.org/publicdomain/zero/1.0/,INBO,https://www.inbo.be/en/norms-data-use,https://doi.org/10.15468/wr3gis,INBO,Checklist of alien birds of Belgium,alien-birds-checklist:taxon:68b11be715cb4c7d2e49a0af35e21cdc,Agapornis fischeri,Animalia,Chordata,Aves,Psittaciformes,Psittacidae,Agapornis,species,ICZN
en,http://creativecommons.org/publicdomain/zero/1.0/,INBO,https://www.inbo.be/en/norms-data-use,https://doi.org/10.15468/wr3gis,INBO,Checklist of alien birds of Belgium,alien-birds-checklist:taxon:69c2221b4240e7fc1a76ee976136ddc6,"Platycercus elegans (Gmelin, 1788)",Animalia,Chordata,Aves,Psittaciformes,Psittacidae,Platycercus,species,ICZN
en,http://creativecommons.org/publicdomain/zero/1.0/,INBO,https://www.inbo.be/en/norms-data-use,https://doi.org/10.15468/wr3gis,INBO,Checklist of alien birds of Belgium,alien-birds-checklist:taxon:69d729d4e836622de5ac7cc92ee7f296,"Acridotheres tristis (Linnaeus, 1766)",Animalia,Chordata,Aves,Passeriformes,Sturnidae,Acridotheres,species,ICZN
en,http://creativecommons.org/publicdomain/zero/1.0/,INBO,https://www.inbo.be/en/norms-data-use,https://doi.org/10.15468/wr3gis,INBO,Checklist of alien birds of Belgium,alien-birds-checklist:taxon:6b6cf92b69a4943f08e633cc82e5b08c,"Plectropterus gambensis (Linnaeus, 1766)",Animalia,Chordata,Aves,Anseriformes,Anatidae,Plectropterus,species,ICZN
en,http://creativecommons.org/publicdomain/zero/1.0/,INBO,https://www.inbo.be/en/norms-data-use,https://doi.org/10.15468/wr3gis,INBO,Checklist of alien birds of Belgium,alien-birds-checklist:taxon:6c64c0d0aaaa857693a8faab68a47572,"Quiscalus major (Viellot, 1819)",Animalia,Chordata,Aves,Passeriformes,Emberizidae,Quiscalus,species,ICZN
en,http://creativecommons.org/publicdomain/zero/1.0/,INBO,https://www.inbo.be/en/norms-data-use,https://doi.org/10.15468/wr3gis,INBO,Checklist of alien birds of Belgium,alien-birds-checklist:taxon:6c75aa8e4db964e757bac2bec2dd2a75,"Tadorna tadornoides (Jardine & Selby, 1828)",Animalia,Chordata,Aves,Anseriformes,Anatidae,Tadorna,species,ICZN
en,http://creativecommons.org/publicdomain/zero/1.0/,INBO,https://www.inbo.be/en/norms-data-use,https://doi.org/10.15468/wr3gis,INBO,Checklist of alien birds of Belgium,alien-birds-checklist:taxon:6d399be4aaeab304947569af89ba6bdc,"Ara macao (Linnaeus, 1758)",Animalia,Chordata,Aves,Psittaciformes,Psittacidae,Ara,species,ICZN
en,http://creativecommons.org/publicdomain/zero/1.0/,INBO,https://www.inbo.be/en/norms-data-use,https://doi.org/10.15468/wr3gis,INBO,Checklist of alien birds of Belgium,alien-birds-checklist:taxon:6ef305724bf67b37c9fd9ac71f383132,"Aquila rapax (Temminck, 1828)",Animalia,Chordata,Aves,Accipitriformes,Accipitridae,Aquila,species,ICZN
en,http://creativecommons.org/publicdomain/zero/1.0/,INBO,https://www.inbo.be/en/norms-data-use,https://doi.org/10.15468/wr3gis,INBO,Checklist of alien birds of Belgium,alien-birds-checklist:taxon:6f2d30fffa494e9d63a7914c82c0efc7,"Psephotus haematonotus (Gould, 1838)",Animalia,Chordata,Aves,Psittaciformes,Psittacidae,Psephotus,species,ICZN
en,http://creativecommons.org/publicdomain/zero/1.0/,INBO,https://www.inbo.be/en/norms-data-use,https://doi.org/10.15468/wr3gis,INBO,Checklist of alien birds of Belgium,alien-birds-checklist:taxon:7037a771aeb28abccaa18900731daeb0,"Anthropoides paradiseus (A.A.H.Lichtenstein, 1793)",Animalia,Chordata,Aves,Gruiformes,Gruidae,Anthropoides,species,ICZN
en,http://creativecommons.org/publicdomain/zero/1.0/,INBO,https://www.inbo.be/en/norms-data-use,https://doi.org/10.15468/wr3gis,INBO,Checklist of alien birds of Belgium,alien-birds-checklist:taxon:712aef7dcc31a2ccc8e0fdfc03b6918c,"Ceryle rudis (Linnaeus, 1758)",Animalia,Chordata,Aves,Coraciiformes,Alcedinidae,Ceryle,species,ICZN
en,http://creativecommons.org/publicdomain/zero/1.0/,INBO,https://www.inbo.be/en/norms-data-use,https://doi.org/10.15468/wr3gis,INBO,Checklist of alien birds of Belgium,alien-birds-checklist:taxon:735ec6110517c880ed39e5bf6ad92949,"Haliaeetus vocifer (Daudin, 1800)",Animalia,Chordata,Aves,Accipitriformes,Accipitridae,Haliaeetus,species,ICZN
en,http://creativecommons.org/publicdomain/zero/1.0/,INBO,https://www.inbo.be/en/norms-data-use,https://doi.org/10.15468/wr3gis,INBO,Checklist of alien birds of Belgium,alien-birds-checklist:taxon:7391ac5bdfe5602ffc172caa61cf6913,"Pycnonotus leucotis (Gould, 1836)",Animalia,Chordata,Aves,Passeriformes,Pycnonotidae,Pycnonotus,species,ICZN
en,http://creativecommons.org/publicdomain/zero/1.0/,INBO,https://www.inbo.be/en/norms-data-use,https://doi.org/10.15468/wr3gis,INBO,Checklist of alien birds of Belgium,alien-birds-checklist:taxon:745666a4ec75f9ba6a1d38a6571dfb58,"Anas versicolor Vieillot, 1816",Animalia,Chordata,Aves,Anseriformes,Anatidae,Anas,species,ICZN
en,http://creativecommons.org/publicdomain/zero/1.0/,INBO,https://www.inbo.be/en/norms-data-use,https://doi.org/10.15468/wr3gis,INBO,Checklist of alien birds of Belgium,alien-birds-checklist:taxon:74a98e2c51e5af3ed1c161ac16b72272,"Callipepla californica (Shaw, 1798)",Animalia,Chordata,Aves,Galliformes,Odontophoridae,Callipepla,species,ICZN
en,http://creativecommons.org/publicdomain/zero/1.0/,INBO,https://www.inbo.be/en/norms-data-use,https://doi.org/10.15468/wr3gis,INBO,Checklist of alien birds of Belgium,alien-birds-checklist:taxon:7533d15a7491c06ee717b815432492cd,"Euplectes afer (Gmelin, 1789)",Animalia,Chordata,Aves,Passeriformes,Ploceidae,Euplectes,species,ICZN
en,http://creativecommons.org/publicdomain/zero/1.0/,INBO,https://www.inbo.be/en/norms-data-use,https://doi.org/10.15468/wr3gis,INBO,Checklist of alien birds of Belgium,alien-birds-checklist:taxon:761ac45b2da0f42f9b5c38cafe5d2ac6,"Dendrocygna viduata (Linnaeus, 1766)",Animalia,Chordata,Aves,Anseriformes,Anatidae,Dendrocygna,species,ICZN
en,http://creativecommons.org/publicdomain/zero/1.0/,INBO,https://www.inbo.be/en/norms-data-use,https://doi.org/10.15468/wr3gis,INBO,Checklist of alien birds of Belgium,alien-birds-checklist:taxon:76298e994ddec558ed983dd40df1d352,"Turdus dissimilis Blyth, 1847",Animalia,Chordata,Aves,Passeriformes,Muscicapidae,Turdus,species,ICZN
en,http://creativecommons.org/publicdomain/zero/1.0/,INBO,https://www.inbo.be/en/norms-data-use,https://doi.org/10.15468/wr3gis,INBO,Checklist of alien birds of Belgium,alien-birds-checklist:taxon:769e9e26d2ba540936a25c2cc8c6f377,"Cyanoramphus novaezelandiae (Sparrman, 1787)",Animalia,Chordata,Aves,Psittaciformes,Psittacidae,Cyanoramphus,species,ICZN
en,http://creativecommons.org/publicdomain/zero/1.0/,INBO,https://www.inbo.be/en/norms-data-use,https://doi.org/10.15468/wr3gis,INBO,Checklist of alien birds of Belgium,alien-birds-checklist:taxon:76bfbc043ffeaee11a265cc0a9db9e4f,"Anas castanea (Eyton, 1838)",Animalia,Chordata,Aves,Anseriformes,Anatidae,Anas,species,ICZN
en,http://creativecommons.org/publicdomain/zero/1.0/,INBO,https://www.inbo.be/en/norms-data-use,https://doi.org/10.15468/wr3gis,INBO,Checklist of alien birds of Belgium,alien-birds-checklist:taxon:793c837c634965e3b2a039139c3f4c8d,"Branta canadensis (Linnaeus, 1758)",Animalia,Chordata,Aves,Anseriformes,Anatidae,Branta,species,ICZN
en,http://creativecommons.org/publicdomain/zero/1.0/,INBO,https://www.inbo.be/en/norms-data-use,https://doi.org/10.15468/wr3gis,INBO,Checklist of alien birds of Belgium,alien-birds-checklist:taxon:79d6c70d043420a4269307a100359eb6,"Streptopelia risoria (Linnaeus, 1758)",Animalia,Chordata,Aves,Columbiformes,Columbidae,Streptopelia,species,ICZN
en,http://creativecommons.org/publicdomain/zero/1.0/,INBO,https://www.inbo.be/en/norms-data-use,https://doi.org/10.15468/wr3gis,INBO,Checklist of alien birds of Belgium,alien-birds-checklist:taxon:7b1c8ee2d67a0c7ceee523104a19434a,"Chrysolophus pictus (Linnaeus, 1758)",Animalia,Chordata,Aves,Galliformes,Phasianidae,Chrysolophus,species,ICZN
en,http://creativecommons.org/publicdomain/zero/1.0/,INBO,https://www.inbo.be/en/norms-data-use,https://doi.org/10.15468/wr3gis,INBO,Checklist of alien birds of Belgium,alien-birds-checklist:taxon:7e58741f0c7a552e45119324368708ea,"Crinifer zonurus (Rüppell, 1835)",Animalia,Chordata,Aves,Musophagiformes,Musophagide,Crinifer,species,ICZN
en,http://creativecommons.org/publicdomain/zero/1.0/,INBO,https://www.inbo.be/en/norms-data-use,https://doi.org/10.15468/wr3gis,INBO,Checklist of alien birds of Belgium,alien-birds-checklist:taxon:7eae316eb5d4d98e4e0b28310be9df59,"Lamprotornis splendidus (Vieillot, 1822)",Animalia,Chordata,Aves,Passeriformes,Sturnidae,Lamprotornis,species,ICZN
en,http://creativecommons.org/publicdomain/zero/1.0/,INBO,https://www.inbo.be/en/norms-data-use,https://doi.org/10.15468/wr3gis,INBO,Checklist of alien birds of Belgium,alien-birds-checklist:taxon:80edb737a7f8401dc1016020af8123b0,"Anser cygnoides (Linnaeus, 1758)",Animalia,Chordata,Aves,Anseriformes,Anatidae,Anser,species,ICZN
en,http://creativecommons.org/publicdomain/zero/1.0/,INBO,https://www.inbo.be/en/norms-data-use,https://doi.org/10.15468/wr3gis,INBO,Checklist of alien birds of Belgium,alien-birds-checklist:taxon:828990656c9a9df40355488949c6352a,"Paroaria coronata (J.F.Miller, 1776)",Animalia,Chordata,Aves,Passeriformes,Thraupidae,Paroaria,species,ICZN
en,http://creativecommons.org/publicdomain/zero/1.0/,INBO,https://www.inbo.be/en/norms-data-use,https://doi.org/10.15468/wr3gis,INBO,Checklist of alien birds of Belgium,alien-birds-checklist:taxon:843de81584df41cbc82c7f2364f19986,"Oxyura vittata (Philippi, 1860)",Animalia,Chordata,Aves,Anseriformes,Anatidae,Oxyura,species,ICZN
en,http://creativecommons.org/publicdomain/zero/1.0/,INBO,https://www.inbo.be/en/norms-data-use,https://doi.org/10.15468/wr3gis,INBO,Checklist of alien birds of Belgium,alien-birds-checklist:taxon:85a0548950bd90750b90f6d49f07b0f7,"Marmaronetta angustirostris (Ménétriés, 1832)",Animalia,Chordata,Aves,Anseriformes,Anatidae,Marmaronetta,species,ICZN
en,http://creativecommons.org/publicdomain/zero/1.0/,INBO,https://www.inbo.be/en/norms-data-use,https://doi.org/10.15468/wr3gis,INBO,Checklist of alien birds of Belgium,alien-birds-checklist:taxon:8643bc40c8a9bd5e7bded6287dd66144,"Colinus virginianus (Linnaeus, 1758)",Animalia,Chordata,Aves,Galliformes,Odontophoridae,Colinus,species,ICZN
en,http://creativecommons.org/publicdomain/zero/1.0/,INBO,https://www.inbo.be/en/norms-data-use,https://doi.org/10.15468/wr3gis,INBO,Checklist of alien birds of Belgium,alien-birds-checklist:taxon:864a11d7e946057065326af33dcf7930,"Tadorna cana (Gmelin, 1789)",Animalia,Chordata,Aves,Anseriformes,Anatidae,Tadorna,species,ICZN
en,http://creativecommons.org/publicdomain/zero/1.0/,INBO,https://www.inbo.be/en/norms-data-use,https://doi.org/10.15468/wr3gis,INBO,Checklist of alien birds of Belgium,alien-birds-checklist:taxon:8688fb87f5e3f0ee68342cd749340b37,"Chrysolophus amherstiae (Leadbeater, 1829)",Animalia,Chordata,Aves,Galliformes,Phasianidae,Chrysolophus,species,ICZN
en,http://creativecommons.org/publicdomain/zero/1.0/,INBO,https://www.inbo.be/en/norms-data-use,https://doi.org/10.15468/wr3gis,INBO,Checklist of alien birds of Belgium,alien-birds-checklist:taxon:8aec80e4c64f45d6cbe579d3ea202646,"Chenonetta jubata (Latham, 1802)",Animalia,Chordata,Aves,Anseriformes,Anatidae,Chenonetta,species,ICZN
en,http://creativecommons.org/publicdomain/zero/1.0/,INBO,https://www.inbo.be/en/norms-data-use,https://doi.org/10.15468/wr3gis,INBO,Checklist of alien birds of Belgium,alien-birds-checklist:taxon:8b2ee5724d8bb8166dc9fe8d698ac81a,"Eclectus roratus (Statius Muller, 1776)",Animalia,Chordata,Aves,Psittaciformes,Psittacidae,Eclectus,species,ICZN
en,http://creativecommons.org/publicdomain/zero/1.0/,INBO,https://www.inbo.be/en/norms-data-use,https://doi.org/10.15468/wr3gis,INBO,Checklist of alien birds of Belgium,alien-birds-checklist:taxon:8be0418d6de8e9adcb78fe924c5f5219,"Psittacula krameri (Scopoli, 1769)",Animalia,Chordata,Aves,Psittaciformes,Psittacidae,Psittacula,species,ICZN
en,http://creativecommons.org/publicdomain/zero/1.0/,INBO,https://www.inbo.be/en/norms-data-use,https://doi.org/10.15468/wr3gis,INBO,Checklist of alien birds of Belgium,alien-birds-checklist:taxon:8c5e9ef23769bca14ec93df6a327798d,"Bubo virginianus (Gmelin, 1788)",Animalia,Chordata,Aves,Strigiformes,Strigidae,Bubo,species,ICZN
en,http://creativecommons.org/publicdomain/zero/1.0/,INBO,https://www.inbo.be/en/norms-data-use,https://doi.org/10.15468/wr3gis,INBO,Checklist of alien birds of Belgium,alien-birds-checklist:taxon:8c84590ccea4843d7396f9508aed25a2,"Dendrocygna eytoni (Eyton, 1838)",Animalia,Chordata,Aves,Anseriformes,Anatidae,Dendrocygna,species,ICZN
en,http://creativecommons.org/publicdomain/zero/1.0/,INBO,https://www.inbo.be/en/norms-data-use,https://doi.org/10.15468/wr3gis,INBO,Checklist of alien birds of Belgium,alien-birds-checklist:taxon:8d75480400395815f8c9175785f15808,"Spizaetus melanoleucus (Vieillot, 1816)",Animalia,Chordata,Aves,Accipitriformes,Accipitridae,Spizaetus,species,ICZN
en,http://creativecommons.org/publicdomain/zero/1.0/,INBO,https://www.inbo.be/en/norms-data-use,https://doi.org/10.15468/wr3gis,INBO,Checklist of alien birds of Belgium,alien-birds-checklist:taxon:8f5f38ca3e6c386fbea5f4746b24699d,"Carpodacus roseus (Pallas, 1776)",Animalia,Chordata,Aves,Passeriformes,Fringillidae,Carpodacus,species,ICZN
en,http://creativecommons.org/publicdomain/zero/1.0/,INBO,https://www.inbo.be/en/norms-data-use,https://doi.org/10.15468/wr3gis,INBO,Checklist of alien birds of Belgium,alien-birds-checklist:taxon:8fb68655bc22002ae5507a3c1a637421,"Haliaeetus pelagicus (Pallas, 1811)",Animalia,Chordata,Aves,Accipitriformes,Accipitridae,Haliaeetus,species,ICZN
en,http://creativecommons.org/publicdomain/zero/1.0/,INBO,https://www.inbo.be/en/norms-data-use,https://doi.org/10.15468/wr3gis,INBO,Checklist of alien birds of Belgium,alien-birds-checklist:taxon:928f0a249bd8d9a29665b0c8dc18eb2b,"Platalea alba Scopoli, 1786",Animalia,Chordata,Aves,Pelecaniformes,Threskiornithidae,Platalea,species,ICZN
en,http://creativecommons.org/publicdomain/zero/1.0/,INBO,https://www.inbo.be/en/norms-data-use,https://doi.org/10.15468/wr3gis,INBO,Checklist of alien birds of Belgium,alien-birds-checklist:taxon:94e156350c69cb35a6110f5eddd8e18c,"Pycnonotus barbatus (Desfontaines, 1789)",Animalia,Chordata,Aves,Passeriformes,Pycnonotidae,Pycnonotus,species,ICZN
en,http://creativecommons.org/publicdomain/zero/1.0/,INBO,https://www.inbo.be/en/norms-data-use,https://doi.org/10.15468/wr3gis,INBO,Checklist of alien birds of Belgium,alien-birds-checklist:taxon:95b7a7c3011d680caa3574dcbb969547,"Mycteria ibis (Linnaeus, 1766)",Animalia,Chordata,Aves,Ciconiiformes,Ciconiidae,Mycteria,species,ICZN
en,http://creativecommons.org/publicdomain/zero/1.0/,INBO,https://www.inbo.be/en/norms-data-use,https://doi.org/10.15468/wr3gis,INBO,Checklist of alien birds of Belgium,alien-birds-checklist:taxon:97e916e8e72c597ac17b2bf33fb66ef9,"Cygnus atratus (Latham, 1790)",Animalia,Chordata,Aves,Anseriformes,Anatidae,Cygnus,species,ICZN
en,http://creativecommons.org/publicdomain/zero/1.0/,INBO,https://www.inbo.be/en/norms-data-use,https://doi.org/10.15468/wr3gis,INBO,Checklist of alien birds of Belgium,alien-birds-checklist:taxon:9b44d39cc68ff9bf9a7d9b739948ced1,"Anas undulata C.F.Dubois, 1839",Animalia,Chordata,Aves,Anseriformes,Anatidae,Anas,species,ICZN
en,http://creativecommons.org/publicdomain/zero/1.0/,INBO,https://www.inbo.be/en/norms-data-use,https://doi.org/10.15468/wr3gis,INBO,Checklist of alien birds of Belgium,alien-birds-checklist:taxon:9ba4fc97cd4fb0b6036b56ed4fbcc0d2,"Geronticus eremita (Linnaeus, 1758)",Animalia,Chordata,Aves,Pelecaniformes,Threskiornithidae,Threskiornis,species,ICZN
en,http://creativecommons.org/publicdomain/zero/1.0/,INBO,https://www.inbo.be/en/norms-data-use,https://doi.org/10.15468/wr3gis,INBO,Checklist of alien birds of Belgium,alien-birds-checklist:taxon:9c4e6066ec5a9426ab70c2a6cc4112df,"Columba livia Gmelin, 1789",Animalia,Chordata,Aves,Columbiformes,Columbidae,Columba,species,ICZN
en,http://creativecommons.org/publicdomain/zero/1.0/,INBO,https://www.inbo.be/en/norms-data-use,https://doi.org/10.15468/wr3gis,INBO,Checklist of alien birds of Belgium,alien-birds-checklist:taxon:9c55a40bb74da39e6b167392b3647eab,"Anas poecilorhyncha J.R.Forster, 1781",Animalia,Chordata,Aves,Anseriformes,Anatidae,Anas,species,ICZN
en,http://creativecommons.org/publicdomain/zero/1.0/,INBO,https://www.inbo.be/en/norms-data-use,https://doi.org/10.15468/wr3gis,INBO,Checklist of alien birds of Belgium,alien-birds-checklist:taxon:9cacc5aa64ef0b3762e91f3f502903d0,"Rhea americana (Linnaeus, 1758)",Animalia,Chordata,Aves,Struthioniformes,Rheidae,Rhea,species,ICZN
en,http://creativecommons.org/publicdomain/zero/1.0/,INBO,https://www.inbo.be/en/norms-data-use,https://doi.org/10.15468/wr3gis,INBO,Checklist of alien birds of Belgium,alien-birds-checklist:taxon:9dfcfe6613bdfed70abddde225ba2f33,"Chloephaga picta (Gmelin, 1789)",Animalia,Chordata,Aves,Anseriformes,Anatidae,Chloephaga,species,ICZN
en,http://creativecommons.org/publicdomain/zero/1.0/,INBO,https://www.inbo.be/en/norms-data-use,https://doi.org/10.15468/wr3gis,INBO,Checklist of alien birds of Belgium,alien-birds-checklist:taxon:a01ecc49c28f06cb56f7e33b5ff25023,"Poicephalus cryptoxanthus (W.Peters, 1854)",Animalia,Chordata,Aves,Psittaciformes,Psittacidae,Poicephalus,species,ICZN
en,http://creativecommons.org/publicdomain/zero/1.0/,INBO,https://www.inbo.be/en/norms-data-use,https://doi.org/10.15468/wr3gis,INBO,Checklist of alien birds of Belgium,alien-birds-checklist:taxon:a0529e2d6044217f94405fe814f9c7ba,"Polytelis anthopeplus (Lear, 1831)",Animalia,Chordata,Aves,Psittaciformes,Psittacidae,Polytelis,species,ICZN
en,http://creativecommons.org/publicdomain/zero/1.0/,INBO,https://www.inbo.be/en/norms-data-use,https://doi.org/10.15468/wr3gis,INBO,Checklist of alien birds of Belgium,alien-birds-checklist:taxon:a27388766cce12a5b87ded06eac43a22,"Anas sibilatrix Poeppig, 1829",Animalia,Chordata,Aves,Anseriformes,Anatidae,Anas,species,ICZN
en,http://creativecommons.org/publicdomain/zero/1.0/,INBO,https://www.inbo.be/en/norms-data-use,https://doi.org/10.15468/wr3gis,INBO,Checklist of alien birds of Belgium,alien-birds-checklist:taxon:a4653fd2defec639adb29fcbeb7027e5,"Chrysomus icterocephalus (Linnaeus, 1766)",Animalia,Chordata,Aves,Passeriformes,Icteridae,Chrysomus,species,ICZN
en,http://creativecommons.org/publicdomain/zero/1.0/,INBO,https://www.inbo.be/en/norms-data-use,https://doi.org/10.15468/wr3gis,INBO,Checklist of alien birds of Belgium,alien-birds-checklist:taxon:a4c650d2576949707dacf9bfdbf45688,"Urocissa erythroryncha (Boddaert, 1783)",Animalia,Chordata,Aves,Passeriformes,Corvidae,Urocissa,species,ICZN
en,http://creativecommons.org/publicdomain/zero/1.0/,INBO,https://www.inbo.be/en/norms-data-use,https://doi.org/10.15468/wr3gis,INBO,Checklist of alien birds of Belgium,alien-birds-checklist:taxon:a53e697da06e2f535f092ca2835dbded,"Cyanochen cyanoptera (Rüppell, 1845)",Animalia,Chordata,Aves,Anseriformes,Anatidae,Cyanochen,species,ICZN
en,http://creativecommons.org/publicdomain/zero/1.0/,INBO,https://www.inbo.be/en/norms-data-use,https://doi.org/10.15468/wr3gis,INBO,Checklist of alien birds of Belgium,alien-birds-checklist:taxon:a553dde8c3310c6fb2bf49ea4b198a0e,"Trichoglossus haematodus (Linnaeus, 1771)",Animalia,Chordata,Aves,Psittaciformes,Psittacidae,Trichoglossus,species,ICZN
en,http://creativecommons.org/publicdomain/zero/1.0/,INBO,https://www.inbo.be/en/norms-data-use,https://doi.org/10.15468/wr3gis,INBO,Checklist of alien birds of Belgium,alien-birds-checklist:taxon:a5bfa16979e89ea5cc6e608d5bd26d6a,"Sturnia sinensis (Gmelin, 1788)",Animalia,Chordata,Aves,Passeriformes,Sturnidae,Sturnia,species,ICZN
en,http://creativecommons.org/publicdomain/zero/1.0/,INBO,https://www.inbo.be/en/norms-data-use,https://doi.org/10.15468/wr3gis,INBO,Checklist of alien birds of Belgium,alien-birds-checklist:taxon:a62aacded060d325d2831806f3f2ad8f,"Numida meleagris (Linnaeus, 1758)",Animalia,Chordata,Aves,Galliformes,Numididae,Numida,species,ICZN
en,http://creativecommons.org/publicdomain/zero/1.0/,INBO,https://www.inbo.be/en/norms-data-use,https://doi.org/10.15468/wr3gis,INBO,Checklist of alien birds of Belgium,alien-birds-checklist:taxon:a843dc3474bec2492bc224732c58e7ea,"Acridotheres ginginianus (Latham, 1790)",Animalia,Chordata,Aves,Passeriformes,Sturnidae,Acridotheres,species,ICZN
en,http://creativecommons.org/publicdomain/zero/1.0/,INBO,https://www.inbo.be/en/norms-data-use,https://doi.org/10.15468/wr3gis,INBO,Checklist of alien birds of Belgium,alien-birds-checklist:taxon:a927dee3fcfd6ae08fd124ba6aae35a5,Cairina moschata (Established Feral),Animalia,Chordata,Aves,Anseriformes,Anatidae,Cairina,species,ICZN
en,http://creativecommons.org/publicdomain/zero/1.0/,INBO,https://www.inbo.be/en/norms-data-use,https://doi.org/10.15468/wr3gis,INBO,Checklist of alien birds of Belgium,alien-birds-checklist:taxon:a997c58737e3da00dd6bf20c6642eb3f,"Streptopelia senegalensis (Linnaeus, 1766)",Animalia,Chordata,Aves,Columbiformes,Columbidae,Streptopelia,species,ICZN
en,http://creativecommons.org/publicdomain/zero/1.0/,INBO,https://www.inbo.be/en/norms-data-use,https://doi.org/10.15468/wr3gis,INBO,Checklist of alien birds of Belgium,alien-birds-checklist:taxon:aa4432941482ad468b3cda9f9fd61ef0,"Chen rossii (Cassin, 1861)",Animalia,Chordata,Aves,Anseriformes,Anatidae,Chen,species,ICZN
en,http://creativecommons.org/publicdomain/zero/1.0/,INBO,https://www.inbo.be/en/norms-data-use,https://doi.org/10.15468/wr3gis,INBO,Checklist of alien birds of Belgium,alien-birds-checklist:taxon:ac5872fad459865ffd753547d6d56fa7,"Melopsittacus undulatus (Shaw, 1805)",Animalia,Chordata,Aves,Psittaciformes,Psittacidae,Melopsittacus,species,ICZN
en,http://creativecommons.org/publicdomain/zero/1.0/,INBO,https://www.inbo.be/en/norms-data-use,https://doi.org/10.15468/wr3gis,INBO,Checklist of alien birds of Belgium,alien-birds-checklist:taxon:ad233f49c152124687b659635a42fa54,"Coscoroba coscoroba (Molina, 1782)",Animalia,Chordata,Aves,Anseriformes,Anatidae,Coscoroba,species,ICZN
en,http://creativecommons.org/publicdomain/zero/1.0/,INBO,https://www.inbo.be/en/norms-data-use,https://doi.org/10.15468/wr3gis,INBO,Checklist of alien birds of Belgium,alien-birds-checklist:taxon:ad39530bef62d652d73b8a42ea89ef1d,"Sarkidiornis melanotos (Pennant, 1769)",Animalia,Chordata,Aves,Anseriformes,Anatidae,Sarkidiornis,species,ICZN
en,http://creativecommons.org/publicdomain/zero/1.0/,INBO,https://www.inbo.be/en/norms-data-use,https://doi.org/10.15468/wr3gis,INBO,Checklist of alien birds of Belgium,alien-birds-checklist:taxon:aef03d094e0fb3c0358c07e42cb75d74,Phoenicopterus ruber,Animalia,Chordata,Aves,Phoenicopteriformes,Phoenicopteridae,Phoenicopterus,species,ICZN
en,http://creativecommons.org/publicdomain/zero/1.0/,INBO,https://www.inbo.be/en/norms-data-use,https://doi.org/10.15468/wr3gis,INBO,Checklist of alien birds of Belgium,alien-birds-checklist:taxon:b0ea3c59d2a48eea6798169e8cb65e87,"Pluvianus aegyptius (Linnaeus, 1758)",Animalia,Chordata,Aves,Charadriiformes,Pluvianidae,Pluvianus,species,ICZN
en,http://creativecommons.org/publicdomain/zero/1.0/,INBO,https://www.inbo.be/en/norms-data-use,https://doi.org/10.15468/wr3gis,INBO,Checklist of alien birds of Belgium,alien-birds-checklist:taxon:b12d3a91aac14afbbfb586b5c2a99b3d,"Euplectes orix (Linnaeus, 1758)",Animalia,Chordata,Aves,Passeriformes,Ploceidae,Euplectes,species,ICZN
en,http://creativecommons.org/publicdomain/zero/1.0/,INBO,https://www.inbo.be/en/norms-data-use,https://doi.org/10.15468/wr3gis,INBO,Checklist of alien birds of Belgium,alien-birds-checklist:taxon:b1f5b72afec7f3dd6d37373a5063545c,"Platycercus eximius (Shaw, 1792)",Animalia,Chordata,Aves,Psittaciformes,Psittacidae,Platycercus,species,ICZN
en,http://creativecommons.org/publicdomain/zero/1.0/,INBO,https://www.inbo.be/en/norms-data-use,https://doi.org/10.15468/wr3gis,INBO,Checklist of alien birds of Belgium,alien-birds-checklist:taxon:b1f9190502136d6e7d407b35a5a0b140,"Coracias abyssinicus Hermann, 1783",Animalia,Chordata,Aves,Coraciiformes,Coraciidae,Coracias,species,ICZN
en,http://creativecommons.org/publicdomain/zero/1.0/,INBO,https://www.inbo.be/en/norms-data-use,https://doi.org/10.15468/wr3gis,INBO,Checklist of alien birds of Belgium,alien-birds-checklist:taxon:b31fa2d38ea9bf5d7e0fa7edd4acc163,"Malacorhynchus membranaceus (Latham, 1802)",Animalia,Chordata,Aves,Anseriformes,Anatidae,Malacorhynchus,species,ICZN
en,http://creativecommons.org/publicdomain/zero/1.0/,INBO,https://www.inbo.be/en/norms-data-use,https://doi.org/10.15468/wr3gis,INBO,Checklist of alien birds of Belgium,alien-birds-checklist:taxon:b3c07bd230010716129de757591a3d3a,Anser anser f. domesticus,Animalia,Chordata,Aves,Anseriformes,Anatidae,Anser,species,ICZN
en,http://creativecommons.org/publicdomain/zero/1.0/,INBO,https://www.inbo.be/en/norms-data-use,https://doi.org/10.15468/wr3gis,INBO,Checklist of alien birds of Belgium,alien-birds-checklist:taxon:b4123ef82c9b850b7f4e866d56e67b25,"Aix galericulata (Linnaeus, 1758)",Animalia,Chordata,Aves,Anseriformes,Anatidae,Aix,species,ICZN
en,http://creativecommons.org/publicdomain/zero/1.0/,INBO,https://www.inbo.be/en/norms-data-use,https://doi.org/10.15468/wr3gis,INBO,Checklist of alien birds of Belgium,alien-birds-checklist:taxon:b7e1a5df50972e805110d07fedef2bae,"Alectoris graeca (Meisner, 1804)",Animalia,Chordata,Aves,Galliformes,Phasianidae,Alectoris,species,ICZN
en,http://creativecommons.org/publicdomain/zero/1.0/,INBO,https://www.inbo.be/en/norms-data-use,https://doi.org/10.15468/wr3gis,INBO,Checklist of alien birds of Belgium,alien-birds-checklist:taxon:b8ffb4f0d01ba4afc768609a7f2f52cb,"Tadorna variegata (Gmelin, 1789)",Animalia,Chordata,Aves,Anseriformes,Anatidae,Tadorna,species,ICZN
en,http://creativecommons.org/publicdomain/zero/1.0/,INBO,https://www.inbo.be/en/norms-data-use,https://doi.org/10.15468/wr3gis,INBO,Checklist of alien birds of Belgium,alien-birds-checklist:taxon:b9dc18f39952c5aee8c4e28ad72caa88,"Phasianus versicolor Vieillot, 1825",Animalia,Chordata,Aves,Galliformes,Phasianidae,Phasianus,species,ICZN
en,http://creativecommons.org/publicdomain/zero/1.0/,INBO,https://www.inbo.be/en/norms-data-use,https://doi.org/10.15468/wr3gis,INBO,Checklist of alien birds of Belgium,alien-birds-checklist:taxon:bb988b1d4bbaf3dd5785157f6ad7ab99,"Theristicus melanopis (Gmelin, 1789)",Animalia,Chordata,Aves,Pelecaniformes,Threskiornithidae,Theristicus,species,ICZN
en,http://creativecommons.org/publicdomain/zero/1.0/,INBO,https://www.inbo.be/en/norms-data-use,https://doi.org/10.15468/wr3gis,INBO,Checklist of alien birds of Belgium,alien-birds-checklist:taxon:bda0173ad429dbb615e6becf8cc5879c,"Lophura nycthemera (Linnaeus, 1758)",Animalia,Chordata,Aves,Galliformes,Phasianidae,Lophura,species,ICZN
en,http://creativecommons.org/publicdomain/zero/1.0/,INBO,https://www.inbo.be/en/norms-data-use,https://doi.org/10.15468/wr3gis,INBO,Checklist of alien birds of Belgium,alien-birds-checklist:taxon:be199ce20629921ebbcadf3aaff57210,"Phoenicopterus chilensis Molina, 1782",Animalia,Chordata,Aves,Phoenicopteriformes,Phoenicopteridae,Phoenicopterus,species,ICZN
en,http://creativecommons.org/publicdomain/zero/1.0/,INBO,https://www.inbo.be/en/norms-data-use,https://doi.org/10.15468/wr3gis,INBO,Checklist of alien birds of Belgium,alien-birds-checklist:taxon:be422a8361f38c10bdb881de824941cd,"Anas hottentota (Eyton, 1838)",Animalia,Chordata,Aves,Anseriformes,Anatidae,Anas,species,ICZN
en,http://creativecommons.org/publicdomain/zero/1.0/,INBO,https://www.inbo.be/en/norms-data-use,https://doi.org/10.15468/wr3gis,INBO,Checklist of alien birds of Belgium,alien-birds-checklist:taxon:bf0fc4d5cb565d810014900c5b8a3dd3,"Callonetta leucophrys (Vieillot, 1816)",Animalia,Chordata,Aves,Anseriformes,Anatidae,Callonetta,species,ICZN
en,http://creativecommons.org/publicdomain/zero/1.0/,INBO,https://www.inbo.be/en/norms-data-use,https://doi.org/10.15468/wr3gis,INBO,Checklist of alien birds of Belgium,alien-birds-checklist:taxon:bfc2926e4728759ca96a3b49c383dab4,"Porphyrio porphyrio (Linnaeus, 1758)",Animalia,Chordata,Aves,Gruiformes,Rallidae,Porphyrio,species,ICZN
en,http://creativecommons.org/publicdomain/zero/1.0/,INBO,https://www.inbo.be/en/norms-data-use,https://doi.org/10.15468/wr3gis,INBO,Checklist of alien birds of Belgium,alien-birds-checklist:taxon:bfdaafd78d716cd583a309722c48d644,"Anas americana (Gmelin, 1789)",Animalia,Chordata,Aves,Anseriformes,Anatidae,Anas,species,ICZN
en,http://creativecommons.org/publicdomain/zero/1.0/,INBO,https://www.inbo.be/en/norms-data-use,https://doi.org/10.15468/wr3gis,INBO,Checklist of alien birds of Belgium,alien-birds-checklist:taxon:c1a2f79c7006010a9481811aa8c441f4,"Bucorvus leadbeateri (Vigors, 1825)",Animalia,Chordata,Aves,Bucerotiformes,Bucorvidae,Bucorvus,species,ICZN
en,http://creativecommons.org/publicdomain/zero/1.0/,INBO,https://www.inbo.be/en/norms-data-use,https://doi.org/10.15468/wr3gis,INBO,Checklist of alien birds of Belgium,alien-birds-checklist:taxon:c5ae9459deb9516a1dc9ca1b7b1651dd,"Falco sparverius Linnaeus, 1758",Animalia,Chordata,Aves,Falconiformes,Falconidae,Falco,species,ICZN
en,http://creativecommons.org/publicdomain/zero/1.0/,INBO,https://www.inbo.be/en/norms-data-use,https://doi.org/10.15468/wr3gis,INBO,Checklist of alien birds of Belgium,alien-birds-checklist:taxon:c6808e6a7a8974c45f14cd9918658bde,"Cygnus melancoryphus (Molina, 1782)",Animalia,Chordata,Aves,Anseriformes,Anatidae,Cygnus,species,ICZN
en,http://creativecommons.org/publicdomain/zero/1.0/,INBO,https://www.inbo.be/en/norms-data-use,https://doi.org/10.15468/wr3gis,INBO,Checklist of alien birds of Belgium,alien-birds-checklist:taxon:c83130b8288bbe6ec997d44f8df2745d,"Nettapus auritus (Boddaert, 1783)",Animalia,Chordata,Aves,Anseriformes,Anatidae,Nettapus,species,ICZN
en,http://creativecommons.org/publicdomain/zero/1.0/,INBO,https://www.inbo.be/en/norms-data-use,https://doi.org/10.15468/wr3gis,INBO,Checklist of alien birds of Belgium,alien-birds-checklist:taxon:c840ad65d7832b512baaf21b5df5801c,Phasianus colchicus,Animalia,Chordata,Aves,Galliformes,Phasianidae,Phasianus,species,ICZN
en,http://creativecommons.org/publicdomain/zero/1.0/,INBO,https://www.inbo.be/en/norms-data-use,https://doi.org/10.15468/wr3gis,INBO,Checklist of alien birds of Belgium,alien-birds-checklist:taxon:c8553f84cee710f05bb40a6ab0395226,"Anser indicus (Latham, 1790)",Animalia,Chordata,Aves,Anseriformes,Anatidae,Anser,species,ICZN
en,http://creativecommons.org/publicdomain/zero/1.0/,INBO,https://www.inbo.be/en/norms-data-use,https://doi.org/10.15468/wr3gis,INBO,Checklist of alien birds of Belgium,alien-birds-checklist:taxon:c8f1f0c852f9102a3509d33b0295c791,"Eudocimus ruber (Linnaeus, 1758)",Animalia,Chordata,Aves,Pelecaniformes,Threskiornithidae,Eudocimus,species,ICZN
en,http://creativecommons.org/publicdomain/zero/1.0/,INBO,https://www.inbo.be/en/norms-data-use,https://doi.org/10.15468/wr3gis,INBO,Checklist of alien birds of Belgium,alien-birds-checklist:taxon:c98eb2157ab181a93fcc2fa3a3193cf0,"Corvus albus Statius Muller, 1776",Animalia,Chordata,Aves,Passeriformes,Corvidae,Corvus,species,ICZN
en,http://creativecommons.org/publicdomain/zero/1.0/,INBO,https://www.inbo.be/en/norms-data-use,https://doi.org/10.15468/wr3gis,INBO,Checklist of alien birds of Belgium,alien-birds-checklist:taxon:ca35161064fbf0ae3dcc225007977c92,"Amazona ochrocephala (Gmelin, 1788)",Animalia,Chordata,Aves,Psittaciformes,Psittacidae,Amazona,species,ICZN
en,http://creativecommons.org/publicdomain/zero/1.0/,INBO,https://www.inbo.be/en/norms-data-use,https://doi.org/10.15468/wr3gis,INBO,Checklist of alien birds of Belgium,alien-birds-checklist:taxon:ca7f76083763c73c3840ac6ef48ba657,"Oxyura jamaicensis (Gmelin, 1789)",Animalia,Chordata,Aves,Anseriformes,Anatidae,Oxyura,species,ICZN
en,http://creativecommons.org/publicdomain/zero/1.0/,INBO,https://www.inbo.be/en/norms-data-use,https://doi.org/10.15468/wr3gis,INBO,Checklist of alien birds of Belgium,alien-birds-checklist:taxon:cb8b6566655f79fa16b5ef389ff0fea8,"Nymphicus hollandicus (Kerr, 1792)",Animalia,Chordata,Aves,Psittaciformes,Psittacidae,Nymphicus,species,ICZN
en,http://creativecommons.org/publicdomain/zero/1.0/,INBO,https://www.inbo.be/en/norms-data-use,https://doi.org/10.15468/wr3gis,INBO,Checklist of alien birds of Belgium,alien-birds-checklist:taxon:cc067d1e4dd95db3f85d730517b3120e,"Anser canagicus (Sevastianov, 1802)",Animalia,Chordata,Aves,Anseriformes,Anatidae,Anser,species,ICZN
en,http://creativecommons.org/publicdomain/zero/1.0/,INBO,https://www.inbo.be/en/norms-data-use,https://doi.org/10.15468/wr3gis,INBO,Checklist of alien birds of Belgium,alien-birds-checklist:taxon:cc65600f3f470a42427c558ce970ec0a,"Rhodospiza obsoleta (M.H.K.Lichtenstein, 1823)",Animalia,Chordata,Aves,Passeriformes,Fringillidae,Rhodospiza,species,ICZN
en,http://creativecommons.org/publicdomain/zero/1.0/,INBO,https://www.inbo.be/en/norms-data-use,https://doi.org/10.15468/wr3gis,INBO,Checklist of alien birds of Belgium,alien-birds-checklist:taxon:cd6c3707338fb24c14fdf508245ea744,"Haliaeetus leucocephalus (Linnaeus, 1766)",Animalia,Chordata,Aves,Accipitriformes,Accipitridae,Haliaeetus,species,ICZN
en,http://creativecommons.org/publicdomain/zero/1.0/,INBO,https://www.inbo.be/en/norms-data-use,https://doi.org/10.15468/wr3gis,INBO,Checklist of alien birds of Belgium,alien-birds-checklist:taxon:ce0569277aaa63a608f315aaa5456e45,"Pelecanus conspicillatus Temminck, 1824",Animalia,Chordata,Aves,Pelecaniformes,Pelecanidae,Pelecanus,species,ICZN
en,http://creativecommons.org/publicdomain/zero/1.0/,INBO,https://www.inbo.be/en/norms-data-use,https://doi.org/10.15468/wr3gis,INBO,Checklist of alien birds of Belgium,alien-birds-checklist:taxon:ced352b926333302aa70bd44e0ca0527,"Ninox connivens (Latham, 1802)",Animalia,Chordata,Aves,Strigiformes,Strigidae,Ninox,species,ICZN
en,http://creativecommons.org/publicdomain/zero/1.0/,INBO,https://www.inbo.be/en/norms-data-use,https://doi.org/10.15468/wr3gis,INBO,Checklist of alien birds of Belgium,alien-birds-checklist:taxon:cfefaeec27558579c3b2ecf7fadaf01c,"Acridotheres cristatellus (Linnaeus, 1758)",Animalia,Chordata,Aves,Passeriformes,Sturnidae,Acridotheres,species,ICZN
en,http://creativecommons.org/publicdomain/zero/1.0/,INBO,https://www.inbo.be/en/norms-data-use,https://doi.org/10.15468/wr3gis,INBO,Checklist of alien birds of Belgium,alien-birds-checklist:taxon:d0cfa25e0aad16da38bc1d3c0ecb0f2d,"Anas capensis Gmelin, 1789",Animalia,Chordata,Aves,Anseriformes,Anatidae,Anas,species,ICZN
en,http://creativecommons.org/publicdomain/zero/1.0/,INBO,https://www.inbo.be/en/norms-data-use,https://doi.org/10.15468/wr3gis,INBO,Checklist of alien birds of Belgium,alien-birds-checklist:taxon:d107f783791185406c7f387500464e7a,"Crithagra mozambica (P.L.Statius Müller, 1776)",Animalia,Chordata,Aves,Passeriformes,Fringillidae,Crithagra,species,ICZN
en,http://creativecommons.org/publicdomain/zero/1.0/,INBO,https://www.inbo.be/en/norms-data-use,https://doi.org/10.15468/wr3gis,INBO,Checklist of alien birds of Belgium,alien-birds-checklist:taxon:d152b787a34aa6ceba25d5721008cb13,"Zosterops palpebrosus (Temminck, 1824)",Animalia,Chordata,Aves,Passeriformes,Zosteropidae,Zosterops,species,ICZN
en,http://creativecommons.org/publicdomain/zero/1.0/,INBO,https://www.inbo.be/en/norms-data-use,https://doi.org/10.15468/wr3gis,INBO,Checklist of alien birds of Belgium,alien-birds-checklist:taxon:d23c234c88eafffed871e754201c95fe,"Grus japonensis (Statius Muller, 1776)",Animalia,Chordata,Aves,Gruiformes,Gruidae,Grus,species,ICZN
en,http://creativecommons.org/publicdomain/zero/1.0/,INBO,https://www.inbo.be/en/norms-data-use,https://doi.org/10.15468/wr3gis,INBO,Checklist of alien birds of Belgium,alien-birds-checklist:taxon:d26111913e9a2be20a64962d963d0c50,"Pycnonotus jocosus (Linnaeus, 1758)",Animalia,Chordata,Aves,Passeriformes,Pycnonotidae,Pycnonotus,species,ICZN
en,http://creativecommons.org/publicdomain/zero/1.0/,INBO,https://www.inbo.be/en/norms-data-use,https://doi.org/10.15468/wr3gis,INBO,Checklist of alien birds of Belgium,alien-birds-checklist:taxon:d2f627cc65b4dafc2b7bbb3ec00f486c,"Phoeniconaias minor (É.Geoffroy Saint-Hilaire, 1798)",Animalia,Chordata,Aves,Phoenicopteriformes,Phoenicopteridae,Phoeniconaias,species,ICZN
en,http://creativecommons.org/publicdomain/zero/1.0/,INBO,https://www.inbo.be/en/norms-data-use,https://doi.org/10.15468/wr3gis,INBO,Checklist of alien birds of Belgium,alien-birds-checklist:taxon:d541a478c7cdc422ccc1378c210c0b98,"Pyrrhura perlata (von Spix, 1824)",Animalia,Chordata,Aves,Psittaciformes,Psittacidae,Pyrrhura,species,ICZN
en,http://creativecommons.org/publicdomain/zero/1.0/,INBO,https://www.inbo.be/en/norms-data-use,https://doi.org/10.15468/wr3gis,INBO,Checklist of alien birds of Belgium,alien-birds-checklist:taxon:d56b2b39ea27c2535d7f7ca1ca9fa99b,"Anas falcata Georgi, 1775",Animalia,Chordata,Aves,Anseriformes,Anatidae,Anas,species,ICZN
en,http://creativecommons.org/publicdomain/zero/1.0/,INBO,https://www.inbo.be/en/norms-data-use,https://doi.org/10.15468/wr3gis,INBO,Checklist of alien birds of Belgium,alien-birds-checklist:taxon:d59a41cee251c56ea60e8cd33732b081,"Bombycilla japonica (Siebold, 1824)",Animalia,Chordata,Aves,Passeriformes,Bombycillidae,Bombycilla,species,ICZN
en,http://creativecommons.org/publicdomain/zero/1.0/,INBO,https://www.inbo.be/en/norms-data-use,https://doi.org/10.15468/wr3gis,INBO,Checklist of alien birds of Belgium,alien-birds-checklist:taxon:d5aa5697db1ecb04dc12d9ca138fc058,"Lonchura punctulata (Linnaeus, 1758)",Animalia,Chordata,Aves,Passeriformes,Estrildidae,Lonchura,species,ICZN
en,http://creativecommons.org/publicdomain/zero/1.0/,INBO,https://www.inbo.be/en/norms-data-use,https://doi.org/10.15468/wr3gis,INBO,Checklist of alien birds of Belgium,alien-birds-checklist:taxon:d78f450d9c1d21123e4d35a98e04fd85,"Anastomus lamelligerus Temminck, 1823",Animalia,Chordata,Aves,Ciconiiformes,Ciconiidae,Anastomus,species,ICZN
en,http://creativecommons.org/publicdomain/zero/1.0/,INBO,https://www.inbo.be/en/norms-data-use,https://doi.org/10.15468/wr3gis,INBO,Checklist of alien birds of Belgium,alien-birds-checklist:taxon:d7a9d481904a9f67b3c87dbbff7f1ad6,"Nettapus coromandelianus (Gmelin, JF, 1789)",Animalia,Chordata,Aves,Anseriformes,Anatidae,Nettapus,species,ICZN
en,http://creativecommons.org/publicdomain/zero/1.0/,INBO,https://www.inbo.be/en/norms-data-use,https://doi.org/10.15468/wr3gis,INBO,Checklist of alien birds of Belgium,alien-birds-checklist:taxon:dae2438194dddd256ff909e6ebdc02c7,"Leptoptilos crumenifer (Lesson, 1831)",Animalia,Chordata,Aves,Ciconiiformes,Ciconiidae,Leptoptilos,species,ICZN
en,http://creativecommons.org/publicdomain/zero/1.0/,INBO,https://www.inbo.be/en/norms-data-use,https://doi.org/10.15468/wr3gis,INBO,Checklist of alien birds of Belgium,alien-birds-checklist:taxon:dc48121f8daec9d575922d0bc843d2ec,"Alopochen aegyptiaca (Linnaeus, 1766)",Animalia,Chordata,Aves,Anseriformes,Anatidae,Alopochen,species,ICZN
en,http://creativecommons.org/publicdomain/zero/1.0/,INBO,https://www.inbo.be/en/norms-data-use,https://doi.org/10.15468/wr3gis,INBO,Checklist of alien birds of Belgium,alien-birds-checklist:taxon:dc5511c3ed3d9e976f048c858e6320ef,"Cacatua roseicapilla Vieillot, 1817",Animalia,Chordata,Aves,Psittaciformes,Psittacidae,Cacatua,species,ICZN
en,http://creativecommons.org/publicdomain/zero/1.0/,INBO,https://www.inbo.be/en/norms-data-use,https://doi.org/10.15468/wr3gis,INBO,Checklist of alien birds of Belgium,alien-birds-checklist:taxon:dc98a65d1fcb828165c43ebcfdbe0085,"Agapornis roseicollis (Stanley, 1814)",Animalia,Chordata,Aves,Psittaciformes,Psittacidae,Agapornis,species,ICZN
en,http://creativecommons.org/publicdomain/zero/1.0/,INBO,https://www.inbo.be/en/norms-data-use,https://doi.org/10.15468/wr3gis,INBO,Checklist of alien birds of Belgium,alien-birds-checklist:taxon:df114878425c42df65112855342011af,"Caracara cheriway (Jacquin, 1784)",Animalia,Chordata,Aves,Falconiformes,Falconidae,Caracara,species,ICZN
en,http://creativecommons.org/publicdomain/zero/1.0/,INBO,https://www.inbo.be/en/norms-data-use,https://doi.org/10.15468/wr3gis,INBO,Checklist of alien birds of Belgium,alien-birds-checklist:taxon:df642de66eb014dee2b2ecbf99f84f80,"Anas superciliosa Gmelin, 1789",Animalia,Chordata,Aves,Anseriformes,Anatidae,Anas,species,ICZN
en,http://creativecommons.org/publicdomain/zero/1.0/,INBO,https://www.inbo.be/en/norms-data-use,https://doi.org/10.15468/wr3gis,INBO,Checklist of alien birds of Belgium,alien-birds-checklist:taxon:df8ddd95efc93770e75b4f69d01d9145,"Oena capensis (Linnaeus, 1766)",Animalia,Chordata,Aves,Columbiformes,Columbidae,Oena,species,ICZN
en,http://creativecommons.org/publicdomain/zero/1.0/,INBO,https://www.inbo.be/en/norms-data-use,https://doi.org/10.15468/wr3gis,INBO,Checklist of alien birds of Belgium,alien-birds-checklist:taxon:dfe94744698ca11ec3075732e547df62,"Serinus canaria (Linnaeus, 1758)",Animalia,Chordata,Aves,Passeriformes,Fringillidae,Serinus,species,ICZN
en,http://creativecommons.org/publicdomain/zero/1.0/,INBO,https://www.inbo.be/en/norms-data-use,https://doi.org/10.15468/wr3gis,INBO,Checklist of alien birds of Belgium,alien-birds-checklist:taxon:e1a1f41b649afceab33ff5d9fe05fc7e,"Estrilda astrild (Linnaeus, 1758)",Animalia,Chordata,Aves,Passeriformes,Estrildidae,Estrilda,species,ICZN
en,http://creativecommons.org/publicdomain/zero/1.0/,INBO,https://www.inbo.be/en/norms-data-use,https://doi.org/10.15468/wr3gis,INBO,Checklist of alien birds of Belgium,alien-birds-checklist:taxon:e3ec1750108e7a745b92417247239585,"Dendrocygna arcuata (Horsfield, 1824)",Animalia,Chordata,Aves,Anseriformes,Anatidae,Dendrocygna,species,ICZN
en,http://creativecommons.org/publicdomain/zero/1.0/,INBO,https://www.inbo.be/en/norms-data-use,https://doi.org/10.15468/wr3gis,INBO,Checklist of alien birds of Belgium,alien-birds-checklist:taxon:e6abd6aa9c3f56317d373c36050a13a1,"Anas bahamensis Linnaeus, 1758",Animalia,Chordata,Aves,Anseriformes,Anatidae,Anas,species,ICZN
en,http://creativecommons.org/publicdomain/zero/1.0/,INBO,https://www.inbo.be/en/norms-data-use,https://doi.org/10.15468/wr3gis,INBO,Checklist of alien birds of Belgium,alien-birds-checklist:taxon:e86c78a767899232449bb65f5e15721c,"Phalcoboenus megalopterus (Meyen, 1834)",Animalia,Chordata,Aves,Falconiformes,Falconidae,Phalcoboenus,species,ICZN
en,http://creativecommons.org/publicdomain/zero/1.0/,INBO,https://www.inbo.be/en/norms-data-use,https://doi.org/10.15468/wr3gis,INBO,Checklist of alien birds of Belgium,alien-birds-checklist:taxon:e8b3e322f6896346bd4a4065f6188fe3,"Syrmaticus reevesii (J.E.Gray, 1829)",Animalia,Chordata,Aves,Galliformes,Phasianidae,Syrmaticus,species,ICZN
en,http://creativecommons.org/publicdomain/zero/1.0/,INBO,https://www.inbo.be/en/norms-data-use,https://doi.org/10.15468/wr3gis,INBO,Checklist of alien birds of Belgium,alien-birds-checklist:taxon:e8d36536450c7858be4760703352f350,"Psittacula derbiana (Fraser, 1852)",Animalia,Chordata,Aves,Psittaciformes,Psittacidae,Psittacula,species,ICZN
en,http://creativecommons.org/publicdomain/zero/1.0/,INBO,https://www.inbo.be/en/norms-data-use,https://doi.org/10.15468/wr3gis,INBO,Checklist of alien birds of Belgium,alien-birds-checklist:taxon:e8eb51fc61ad968b60d2aae579e6c384,"Ocyphaps lophotes (Temminck, 1822)",Animalia,Chordata,Aves,Columbiformes,Columbidae,Ocyphaps,species,ICZN
en,http://creativecommons.org/publicdomain/zero/1.0/,INBO,https://www.inbo.be/en/norms-data-use,https://doi.org/10.15468/wr3gis,INBO,Checklist of alien birds of Belgium,alien-birds-checklist:taxon:e8fd9c2132ead52168c161d0443612a6,"Vanellus spinosus (Linnaeus, 1758)",Animalia,Chordata,Aves,Charadriiformes,Charadriidae,Vanellus,species,ICZN
en,http://creativecommons.org/publicdomain/zero/1.0/,INBO,https://www.inbo.be/en/norms-data-use,https://doi.org/10.15468/wr3gis,INBO,Checklist of alien birds of Belgium,alien-birds-checklist:taxon:ede5f690c450d96676f13e879b67151a,"Coturnix chinensis (Linnaeus, 1766)",Animalia,Chordata,Aves,Galliformes,Phasianidae,Coturnix,species,ICZN
en,http://creativecommons.org/publicdomain/zero/1.0/,INBO,https://www.inbo.be/en/norms-data-use,https://doi.org/10.15468/wr3gis,INBO,Checklist of alien birds of Belgium,alien-birds-checklist:taxon:f1b024c67bd52355976819cfffcfb16c,"Anas luzonica Fraser, 1839",Animalia,Chordata,Aves,Anseriformes,Anatidae,Anas,species,ICZN
en,http://creativecommons.org/publicdomain/zero/1.0/,INBO,https://www.inbo.be/en/norms-data-use,https://doi.org/10.15468/wr3gis,INBO,Checklist of alien birds of Belgium,alien-birds-checklist:taxon:f203b8d072eb9a711820f77b73841f5a,"Lamprotornis chalybaeus Hemprich & Ehrenberg, 1828",Animalia,Chordata,Aves,Passeriformes,Sturnidae,Lamprotornis,species,ICZN
en,http://creativecommons.org/publicdomain/zero/1.0/,INBO,https://www.inbo.be/en/norms-data-use,https://doi.org/10.15468/wr3gis,INBO,Checklist of alien birds of Belgium,alien-birds-checklist:taxon:f22b4565482537a2854cba2362d041d3,"Cyanopica cooki Bonaparte, 1850",Animalia,Chordata,Aves,Passeriformes,Corvidae,Cyanopica,species,ICZN
en,http://creativecommons.org/publicdomain/zero/1.0/,INBO,https://www.inbo.be/en/norms-data-use,https://doi.org/10.15468/wr3gis,INBO,Checklist of alien birds of Belgium,alien-birds-checklist:taxon:f43f70a4d2a91cb8933941f3535a37be,"Poicephalus senegalus (Linnaeus, 1766)",Animalia,Chordata,Aves,Psittaciformes,Psittacidae,Poicephalus,species,ICZN
en,http://creativecommons.org/publicdomain/zero/1.0/,INBO,https://www.inbo.be/en/norms-data-use,https://doi.org/10.15468/wr3gis,INBO,Checklist of alien birds of Belgium,alien-birds-checklist:taxon:f54e981cfaf485d337b910de950ff098,"Bucephala albeola (Linnaeus, 1758)",Animalia,Chordata,Aves,Anseriformes,Anatidae,Bucephala,species,ICZN
en,http://creativecommons.org/publicdomain/zero/1.0/,INBO,https://www.inbo.be/en/norms-data-use,https://doi.org/10.15468/wr3gis,INBO,Checklist of alien birds of Belgium,alien-birds-checklist:taxon:f84d8cc52c31a40463a83fc4af580b1a,"Bostrychia hagedash (Latham, 1790)",Animalia,Chordata,Aves,Pelecaniformes,Threskiornithidae,Bostrychia,species,ICZN
en,http://creativecommons.org/publicdomain/zero/1.0/,INBO,https://www.inbo.be/en/norms-data-use,https://doi.org/10.15468/wr3gis,INBO,Checklist of alien birds of Belgium,alien-birds-checklist:taxon:f86749f3847d2bc1f2fe80ac401a2151,"Streptopelia roseogrisea (Sundevall, 1857)",Animalia,Chordata,Aves,Columbiformes,Columbidae,Streptopelia,species,ICZN
en,http://creativecommons.org/publicdomain/zero/1.0/,INBO,https://www.inbo.be/en/norms-data-use,https://doi.org/10.15468/wr3gis,INBO,Checklist of alien birds of Belgium,alien-birds-checklist:taxon:fd3f9918a63d3cfd4d04ff6e5aefbffc,"Chen caerulescens Linnaeus, 1758",Animalia,Chordata,Aves,Anseriformes,Anatidae,Chen,species,ICZN
en,http://creativecommons.org/publicdomain/zero/1.0/,INBO,https://www.inbo.be/en/norms-data-use,https://doi.org/10.15468/wr3gis,INBO,Checklist of alien birds of Belgium,alien-birds-checklist:taxon:fd454435a242327413f8b11cee92b907,"Carpodacus sibiricus (Pallas, 1773)",Animalia,Chordata,Aves,Passeriformes,Fringillidae,Carpodacus,species,ICZN
en,http://creativecommons.org/publicdomain/zero/1.0/,INBO,https://www.inbo.be/en/norms-data-use,https://doi.org/10.15468/wr3gis,INBO,Checklist of alien birds of Belgium,alien-birds-checklist:taxon:fdae326576aca32637b74d22de0c55c9,"Junco hyemalis Linnaeus, 1758",Animalia,Chordata,Aves,Passeriformes,Emberizidae,Junco,species,ICZN
en,http://creativecommons.org/publicdomain/zero/1.0/,INBO,https://www.inbo.be/en/norms-data-use,https://doi.org/10.15468/wr3gis,INBO,Checklist of alien birds of Belgium,alien-birds-checklist:taxon:fe5cd5fab0b877e131d38c1dbb0f691e,"Ploceus melanocephalus (Linnaeus, 1758)",Animalia,Chordata,Aves,Passeriformes,Ploceidae,Ploceus,species,ICZN
en,http://creativecommons.org/publicdomain/zero/1.0/,INBO,https://www.inbo.be/en/norms-data-use,https://doi.org/10.15468/wr3gis,INBO,Checklist of alien birds of Belgium,alien-birds-checklist:taxon:fe7e0db93bd77d8a239ac682413dc2bb,"Lophodytes cucullatus (Linnaeus, 1758)",Animalia,Chordata,Aves,Anseriformes,Anatidae,Lophodytes,species,ICZN
en,http://creativecommons.org/publicdomain/zero/1.0/,INBO,https://www.inbo.be/en/norms-data-use,https://doi.org/10.15468/wr3gis,INBO,Checklist of alien birds of Belgium,alien-birds-checklist:taxon:ff904d76d3e296d340dd5bf361800abd,"Agapornis personatus Reichenow, 1887",Animalia,Chordata,Aves,Psittaciformes,Psittacidae,Agapornis,species,ICZN
