scientific name,order,family,genus,taxon rank,location,country code,occurrence status,date first observation,date last observation,degree of establishment,introduction pathway,remarks,native range,realm,source,abundance,threat status,host,date added,added by,verified by,Source_original
"Aquila rapax (Temminck, 1828)",Accipitriformes,Accipitridae,Aquila,species,,BE,present,1997,2017,casual,pet | publicGardenZooAquaria,"15 occurrences in GBIF, 1997, http://waarnemingen.be ; occurrences in 1997 and 2017 on http://observations.be; VU in IUCN red list",Africa | Southern Asia,terrestrial,,,,,22/02/2019,Cristina Preda & Tim Adriaens,,gbif/waarnemingen.be dataset
"Buteo auguralis Salvadori, 1865",Accipitriformes,Accipitridae,Buteo,species,,BE,present,,,,pet | publicGardenZooAquaria,,Western Africa | Eastern Africa | Middle Africa,terrestrial,,,,,22/02/2019,Cristina Preda & Tim Adriaens,,unified
"Buteo jamaicensis (Gmelin, 1788)",Accipitriformes,Accipitridae,Buteo,species,,BE,present,,,,pet | publicGardenZooAquaria,,Northern America | Central America,terrestrial,,,,,22/02/2019,Cristina Preda & Tim Adriaens,,unified
"Haliaeetus leucocephalus (Linnaeus, 1766)",Accipitriformes,Accipitridae,Haliaeetus,species,,BE,present,2013,2016,casual,pet,"15 occurrences in GBIF, one in 2013, the rest in 2015 and 2016; http://waarnemingen.be",North America,terrestrial,,,,,22/02/2019,Cristina Preda & Tim Adriaens,,gbif/waarnemingen.be dataset
"Haliaeetus pelagicus (Pallas, 1811)",Accipitriformes,Accipitridae,Haliaeetus,species,,BE,present,2009,,casual,pet | publicGardenZooAquaria,"1 occurrence in GBIF, 2009; http://waarnemingen.be ; VU in IUCN red list",Russia,terrestrial,,,,,22/02/2019,Cristina Preda & Tim Adriaens,,gbif/waarnemingen.be dataset
"Haliaeetus vocifer (Daudin, 1800)",Accipitriformes,Accipitridae,Haliaeetus,species,,BE,present,2009,2018,casual,pet | publicGardenZooAquaria,"occurrences in 2009 and 2018, http://observations.be",Africa,terrestrial,,,,,22/02/2019,Cristina Preda & Tim Adriaens,,http://observations.be Natagora
"Spizaetus melanoleucus (Vieillot, 1816)",Accipitriformes,Accipitridae,Spizaetus,species,,BE,present,2017,,,pet | publicGardenZooAquaria,"occurrences in 2017, https://http://observations.be",South America,terrestrial,,,,,22/02/2019,Cristina Preda & Tim Adriaens,,http://observations.be Natagora
"Parabuteo unicinctus (Temminck, 1824)",Accipitriformes,Accipitridae,Parabuteo,species,,BE,present,,,,pet | publicGardenZooAquaria,,South America | Central America,terrestrial,,,,,22/02/2019,Cristina Preda & Tim Adriaens,,unified
"Aix galericulata (Linnaeus, 1758)",Anseriformes,Anatidae,Aix,species,Flanders,BE,present,1953,2019,,pet,,Eastern Asia,freshwater,,,,,22/02/2019,Cristina Preda & Tim Adriaens,,unified
"Aix sponsa Linnaeus, 1758",Anseriformes,Anatidae,Aix,species,Flanders,BE,present,1957,2019,,pet,,North America,freshwater,,,,,22/02/2019,Cristina Preda & Tim Adriaens,,unified
"Alopochen aegyptiaca (Linnaeus, 1766)",Anseriformes,Anatidae,Alopochen,species,Flanders,BE,present,1984,2019,invasive,pet | farmedAnimals | publicGardenZooAquaria,,Africa,freshwater,,,,,22/02/2019,Cristina Preda & Tim Adriaens,,unified
"Amazonetta brasiliensis (Gmelin, 1789)",Anseriformes,Anatidae,Amazonetta,species,,BE,present,2001,2018,,pet,"2 occurrences in GBIF, 2013 and 2016; http://waarnemingen.be ; occurrences between 2001 and 2018 in http://observations.be",South America,freshwater,,,,,22/02/2019,Cristina Preda & Tim Adriaens,,gbif/waarnemingen.be dataset
"Anas americana (Gmelin, 1789)",Anseriformes,Anatidae,Anas,species,,BE,present,,,,pet | publicGardenZooAquaria,,North America | Central America,freshwater,,,,,22/02/2019,Cristina Preda & Tim Adriaens,,unified
"Anas bahamensis Linnaeus, 1758",Anseriformes,Anatidae,Anas,species,,BE,present,,,,pet,,Caribbean | South America | Galapagos,freshwater,,,,,22/02/2019,Cristina Preda & Tim Adriaens,,unified
"Anas capensis Gmelin, 1789",Anseriformes,Anatidae,Anas,species,,BE,present,,,,pet,,Western Africa | Eastern Africa | Southern Africa | Middle Africa,freshwater,,,,,22/02/2019,Cristina Preda & Tim Adriaens,,unified
"Anas castanea (Eyton, 1838)",Anseriformes,Anatidae,Anas,species,,BE,present,,,,pet,,Australia,freshwater,,,,,22/02/2019,Cristina Preda & Tim Adriaens,,unified
"Anas cyanoptera Vieillot, 1816",Anseriformes,Anatidae,Anas,species,,BE,present,,,,pet,,North America | Central America | South America,freshwater,,,,,22/02/2019,Cristina Preda & Tim Adriaens,,unified
"Anas erythrorhyncha Gmelin, 1789",Anseriformes,Anatidae,Anas,species,,BE,present,2015,,,pet,1 occurrence in GBIF in 2015,Africa,freshwater,,,,,22/02/2019,Cristina Preda & Tim Adriaens,,gbif/waarnemingen.be dataset
"Anas falcata Georgi, 1775",Anseriformes,Anatidae,Anas,species,,BE,present,,,,pet,NT in IUCN redlist,Eastern Asia,freshwater,,,,,22/02/2019,Cristina Preda & Tim Adriaens,,unified
"Anas flavirostris Vieillot, 1816",Anseriformes,Anatidae,Anas,species,,BE,present,,,,pet,,South America,freshwater,,,,,22/02/2019,Cristina Preda & Tim Adriaens,,unified
"Anas formosa Georgi, 1775",Anseriformes,Anatidae,Anas,species,,BE,present,,,,pet,,Eastern Asian Russia,freshwater,,,,,22/02/2019,Cristina Preda & Tim Adriaens,,unified
"Anas hottentota (Eyton, 1838)",Anseriformes,Anatidae,Anas,species,,BE,present,,,,pet,,Africa,freshwater,,,,,22/02/2019,Cristina Preda & Tim Adriaens,,unified
"Anas luzonica Fraser, 1839",Anseriformes,Anatidae,Anas,species,,BE,present,2014,,,pet,2 occurrences on GBIF in 2014,Philippines,freshwater,,,,,22/02/2019,Cristina Preda & Tim Adriaens,,gbif/waarnemingen.be dataset
"Anas poecilorhyncha J.R.Forster, 1781",Anseriformes,Anatidae,Anas,species,,BE,present,,,,pet,,Southern Asia | Southeastern Asia,freshwater,,,,,22/02/2019,Cristina Preda & Tim Adriaens,,unified
"Anas puna Tschudi, 1844",Anseriformes,Anatidae,Anas,species,,BE,present,2012,,,pet,2 occurrences in GBIF in 2012,South America,freshwater,,,,,22/02/2019,Cristina Preda & Tim Adriaens,,gbif/waarnemingen.be dataset
"Anas rhynchotis Latham, 1802",Anseriformes,Anatidae,Anas,species,,BE,present,,,,pet,,Australia | New Zealand,freshwater,,,,,22/02/2019,Cristina Preda & Tim Adriaens,,unified
"Anas sibilatrix Poeppig, 1829",Anseriformes,Anatidae,Anas,species,,BE,present,,,,pet,,South America,freshwater,,,,,22/02/2019,Cristina Preda & Tim Adriaens,,unified
"Anas superciliosa Gmelin, 1789",Anseriformes,Anatidae,Anas,species,,BE,present,2013,,,pet,1 occurrence in GBIF in 2013,Australia | New Zealand | Southeastern Asia,freshwater,,,,,22/02/2019,Cristina Preda & Tim Adriaens,,gbif/waarnemingen.be dataset
"Anas undulata C.F.Dubois, 1839",Anseriformes,Anatidae,Anas,species,,BE,present,2005,,,pet,"on GBIF occurrences since 2005 (source Waarnemingen.be - Non-native animal occurrencesurrences in Flanders and the Brussels Capital Region, Belgium)",Africa,freshwater,,,,,22/02/2019,Cristina Preda & Tim Adriaens,,gbif/waarnemingen.be dataset
"Anas versicolor Vieillot, 1816",Anseriformes,Anatidae,Anas,species,,BE,present,,,,pet,,South America,freshwater,,,,,22/02/2019,Cristina Preda & Tim Adriaens,,unified
"Anas laysanensis Rothschild, 1892",Anseriformes,Anatidae,Anas,species,Wallonia,BE,present,2012,,,pet,"1 occurrence in 2012, http://observations.be; CR in IUCN red list",Hawaiian Islands,freshwater,,,,,22/02/2019,Cristina Preda & Tim Adriaens,,http://observations.be Natagora
"Anas gibberifrons S.Muller, 1842",Anseriformes,Anatidae,Anas,species,Flanders,BE,present,2011,,casual,pet,"1 occurrencesurrence in 2011, http://observations.be; NT in IUCN red list",Southeastern Asia,freshwater,,,,,22/02/2019,Cristina Preda & Tim Adriaens,,observations.be Natagora
"Anser canagicus (Sevastianov, 1802)",Anseriformes,Anatidae,Anser,species,,BE,present,2005,2019,,pet | farmedAnimals,records from 2005 to 2019 on observation.be,Russia,freshwater,,,,,22/02/2019,Cristina Preda & Tim Adriaens,,observations.be Natagora
"Anser cygnoides (Linnaeus, 1758)",Anseriformes,Anatidae,Anser,species,,BE,present,,,,pet | farmedAnimals,VU in IUCN red list,Eastern Asia,freshwater,,,,,22/02/2019,Cristina Preda & Tim Adriaens,,unified
"Anser indicus (Latham, 1790)",Anseriformes,Anatidae,Anser,species,Flanders,BE,present,1966,2019,,pet | farmedAnimals,,Central Asia | Southern Asia | Eastern Asia,freshwater,,,,,22/02/2019,Cristina Preda & Tim Adriaens,,unified
"Malacorhynchus membranaceus (Latham, 1802)",Anseriformes,Anatidae,Malacorhynchus,species,Wallonia,BE,present,2016,,,pet,1 record on http://observations.be,Australia,freshwater,,,,,22/02/2019,Cristina Preda & Tim Adriaens,,observations.be Natagora
"Branta canadensis (Linnaeus, 1758)",Anseriformes,Anatidae,Branta,species,Flanders,BE,present,1950ies,2019,invasive,pet | farmedAnimals | hunting,,North America,freshwater,"Beck O., Anselin A. & Kuijken E. 2002. Beheer van verwilderde watervogels in Vlaanderen. Instituut voor Natuurbehoud, Brussel. 146 pp.",,,,22/02/2019,Cristina Preda & Tim Adriaens,,unified
"Branta hutchinsii (Richardson, 1832)",Anseriformes,Anatidae,Branta,species,,BE,present,,,,pet | publicGardenZooAquaria,,North America,freshwater,,,,,22/02/2019,Cristina Preda & Tim Adriaens,,unified
"Branta sandvicensis (Vigors, 1834)",Anseriformes,Anatidae,Branta,species,,BE,present,,,,pet,,Hawaiian Islands,freshwater,,,,,22/02/2019,Cristina Preda & Tim Adriaens,,unified
"Bucephala albeola (Linnaeus, 1758)",Anseriformes,Anatidae,Bucephala,species,,BE,present,1986,2014,,pet,"52 occurrences in GBIF between 1986 and 2014, http://waarnemingen.be",North America,freshwater,,,,,22/02/2019,Cristina Preda & Tim Adriaens,,gbif/waarnemingen.be dataset
Cairina moschata (Established Feral),Anseriformes,Anatidae,Cairina,species,,BE,present,,,,pet | farmedAnimals,,South America | Central America,freshwater,,,,,22/02/2019,Cristina Preda & Tim Adriaens,,unified
"Callonetta leucophrys (Vieillot, 1816)",Anseriformes,Anatidae,Callonetta,species,,BE,present,,,,pet,,South America,freshwater,,,,,22/02/2019,Cristina Preda & Tim Adriaens,,unified
"Cereopsis novaehollandiae Latham, 1802",Anseriformes,Anatidae,Cereopsis,species,,BE,present,,,,pet,,Australia,freshwater,,,,,22/02/2019,Cristina Preda & Tim Adriaens,,unified
"Chen caerulescens Linnaeus, 1758",Anseriformes,Anatidae,Chen,species,,BE,present,1985,2016,,pet | farmedAnimals,"7 occurrences in GBIF, one in 1985 then 2010 to 2016; http://waarnemingen.be",North America,freshwater,,,,,22/02/2019,Cristina Preda & Tim Adriaens,,gbif/waarnemingen.be dataset
"Chen canagica (Sevastianov, 1802)",Anseriformes,Anatidae,Chen,species,,BE,present,2002,,,pet | farmedAnimals,"208 occurrences in GBIF starting 2002, http://waarnemingen.be",Eastern Asian Russia,freshwater,,,,,22/02/2019,Cristina Preda & Tim Adriaens,,gbif/waarnemingen.be dataset
"Chen rossii (Cassin, 1861)",Anseriformes,Anatidae,Chen,species,,BE,present,1987,2015,,pet | farmedAnimals,"89 occurrences in GBIF, 1987 to 2015; http://waarnemingen.be",North America,freshwater,,,,,22/02/2019,Cristina Preda & Tim Adriaens,,gbif/waarnemingen.be dataset
"Chenonetta jubata (Latham, 1802)",Anseriformes,Anatidae,Chenonetta,species,,BE,present,,,,pet,,Australia,freshwater,,,,,22/02/2019,Cristina Preda & Tim Adriaens,,unified
"Chloephaga melanoptera (Eyton, 1838)",Anseriformes,Anatidae,Chloephaga,species,,BE,present,,,,pet,,South America,freshwater,,,,,22/02/2019,Cristina Preda & Tim Adriaens,,unified
"Chloephaga picta (Gmelin, 1789)",Anseriformes,Anatidae,Chloephaga,species,Flanders,BE,present,1993,,reproducing,pet,,South America,freshwater,,,,,22/02/2019,Cristina Preda & Tim Adriaens,,unified
"Chloephaga poliocephala P.L.Sclater, 1857",Anseriformes,Anatidae,Chloephaga,species,,BE,present,1982,,,pet,"2 occurrences in GBIF one in 1982, one in 2013; http://waarnemingen.be datatset",South America,freshwater,,,,,22/02/2019,Cristina Preda & Tim Adriaens,,gbif/waarnemingen.be dataset
"Coscoroba coscoroba (Molina, 1782)",Anseriformes,Anatidae,Coscoroba,species,,BE,present,,,,pet,,South America,freshwater,,,,,22/02/2019,Cristina Preda & Tim Adriaens,,unified
"Cyanochen cyanoptera (Rüppell, 1845)",Anseriformes,Anatidae,Cyanochen,species,,BE,present,,,,pet,VU in IUCN red list,Ethiopia,freshwater,,,,,22/02/2019,Cristina Preda & Tim Adriaens,,unified
"Cygnus atratus (Latham, 1790)",Anseriformes,Anatidae,Cygnus,species,Flanders,BE,present,1970,,casual,pet,,Australia,freshwater,,,,,22/02/2019,Cristina Preda & Tim Adriaens,,unified
Cygnus buccinator,Anseriformes,Anatidae,Cygnus,species,,BE,present,2005,,,pet,occurrences in 2005 acc. to http://observations.be,North America,freshwater,,,,,22/02/2019,Cristina Preda & Tim Adriaens,,unified
"Cygnus melancoryphus (Molina, 1782)",Anseriformes,Anatidae,Cygnus,species,,BE,present,1975,,,pet,"10 occurrences in GBIF starting 1975 to 2015, waarnemimgen.be data set",South America,freshwater,,,,,22/02/2019,Cristina Preda & Tim Adriaens,,gbif/waarnemingen.be dataset
"Dendrocygna arcuata (Horsfield, 1824)",Anseriformes,Anatidae,Dendrocygna,species,,BE,present,,,,pet,,Australia | Southeastern Asia,freshwater,,,,,22/02/2019,Cristina Preda & Tim Adriaens,,unified
"Dendrocygna autumnalis Linnaeus, 1758",Anseriformes,Anatidae,Dendrocygna,species,,BE,present,,,,pet,,South America,freshwater,,,,,22/02/2019,Cristina Preda & Tim Adriaens,,unified
"Dendrocygna bicolor (Vieillot, 1816)",Anseriformes,Anatidae,Dendrocygna,species,,BE,present,,,,pet | publicGardenZooAquaria,,Central America | South America | Caribbean | Africa | India,freshwater,,,,,22/02/2019,Cristina Preda & Tim Adriaens,,unified
"Dendrocygna eytoni (Eyton, 1838)",Anseriformes,Anatidae,Dendrocygna,species,,BE,present,2000,,,pet,"1 occurrence in GBIF in 2000, http://waarnemingen.be",Australia,freshwater,,,,,22/02/2019,Cristina Preda & Tim Adriaens,,gbif/waarnemingen.be dataset
"Dendrocygna viduata (Linnaeus, 1766)",Anseriformes,Anatidae,Dendrocygna,species,,BE,present,,,,pet,,South America | Africa,freshwater,,,,,22/02/2019,Cristina Preda & Tim Adriaens,,unified
"Lophodytes cucullatus (Linnaeus, 1758)",Anseriformes,Anatidae,Lophodytes,species,,BE,present,2011,,,pet,"1 occurrence in 2011, http://observations.be; NT in IUCN red list",North America,freshwater,,,,,22/02/2019,Cristina Preda & Tim Adriaens,,gbif/waarnemingen.be dataset
"Marmaronetta angustirostris (Ménétriés, 1832)",Anseriformes,Anatidae,Marmaronetta,species,,BE,present,,,,pet,VU in IUCN red list,Western Asia | Central Asia | Northern Africa | Spain,freshwater,,,,,22/02/2019,Cristina Preda & Tim Adriaens,,unified
"Netta peposaca (Vieillot, 1816)",Anseriformes,Anatidae,Netta,species,,BE,present,,,,pet,,South America,freshwater,,,,,22/02/2019,Cristina Preda & Tim Adriaens,,unified
"Nettapus auritus (Boddaert, 1783)",Anseriformes,Anatidae,Nettapus,species,,BE,present,,,,pet,,Western Africa | Middle Africa | Eastern Africa,freshwater,,,,,22/02/2019,Cristina Preda & Tim Adriaens,,unified
"Nettapus coromandelianus (Gmelin, JF, 1789)",Anseriformes,Anatidae,Nettapus,species,Flanders,BE,present,2017,,,pet,"1 occurrence in 2017, http://observations.be",Southern Asia | Southeastern Asia | Australia,freshwater,,,,,22/02/2019,Cristina Preda & Tim Adriaens,,observations.be Natagora
"Oxyura jamaicensis (Gmelin, 1789)",Anseriformes,Anatidae,Oxyura,species,Flanders,BE,present,1979,2018,established,naturalDispersal | pet | publicGardenZooAquaria,"introduced into UK in the 1940's, escaped or released from captivity (Hughes et al 1999)",North America,freshwater,Spanoghe et al. 2010. Broedende Rosse Stekelstaarten Oxyura jamaicensis in Vlaanderen: een aanwinst ? Natuur.oriolus 76(1):1-7 | Hughes et al. 1999. The status of the North American Ruddy Duck Oxyura jamaicensis in the  Western Palearctic: towards an action plan for eradication. Council of Europe Publication T-PVS/Birds (99) 9. Council of Europe Publishing. Strasbourg,,,,22/02/2019,Cristina Preda & Tim Adriaens,,unified
"Oxyura jamaicensis (Gmelin, 1789)",Anseriformes,Anatidae,Oxyura,species,Wallonia,BE,present,,2018,casual,naturalDispersal | pet | publicGardenZooAquaria,"introduced into UK in the 1940's, escaped or released from captivity (Hughes et al 1999)",North America,freshwater,Spanoghe et al. 2010. Broedende Rosse Stekelstaarten Oxyura jamaicensis in Vlaanderen: een aanwinst ? Natuur.oriolus 76(1):1-7| Hughes et al. 1999. The status of the North American Ruddy Duck Oxyura jamaicensis in the Western Palearctic: towards an action plan for eradication. Council of Europe Publication T-PVS/Birds (99) 9. Council of Europe Publishing. Strasbourg,,,,22/02/2019,Cristina Preda & Tim Adriaens,,unified
"Oxyura vittata (Philippi, 1860)",Anseriformes,Anatidae,Oxyura,species,Flanders,BE,present,2014,,casual,pet,"1 occurrence in GBIF in Flanders in 2014, http://waarnemingen.be",South America,freshwater,http://observations.be,,,,22/02/2019,Cristina Preda & Tim Adriaens,,gbif/waarnemingen.be dataset
"Plectropterus gambensis (Linnaeus, 1766)",Anseriformes,Anatidae,Plectropterus,species,,BE,present,,,,pet,"4 occurrences in GBIF, one in 2000 and 3 in 2016",Africa,freshwater,,,,,22/02/2019,Cristina Preda & Tim Adriaens,,gbif/waarnemingen.be dataset
"Pteronetta hartlaubii (Cassin, 1860)",Anseriformes,Anatidae,Pteronetta,species,,BE,present,,,,pet,"1 occurrence in GBIF 2016, http://waarnemingen.be",Africa,freshwater,,,,,22/02/2019,Cristina Preda & Tim Adriaens,,gbif/waarnemingen.be dataset
"Sarkidiornis melanotos (Pennant, 1769)",Anseriformes,Anatidae,Sarkidiornis,species,,BE,present,,,,pet,,Africa | Southern Asia | Southeastern Asia,freshwater,,,,,22/02/2019,Cristina Preda & Tim Adriaens,,unified
"Tadorna cana (Gmelin, 1789)",Anseriformes,Anatidae,Tadorna,species,,BE,present,,,,pet,,Southern Africa,freshwater,,,,,22/02/2019,Cristina Preda & Tim Adriaens,,unified
"Tadorna ferruginea (Pallas, 1764)",Anseriformes,Anatidae,Tadorna,species,Flanders,BE,present,1880,,,pet,,Asia,freshwater,,,,,22/02/2019,Cristina Preda & Tim Adriaens,,unified
"Tadorna tadornoides (Jardine & Selby, 1828)",Anseriformes,Anatidae,Tadorna,species,,BE,present,,,,pet,,Australia | New Zealand,freshwater,,,,,22/02/2019,Cristina Preda & Tim Adriaens,,unified
"Tadorna variegata (Gmelin, 1789)",Anseriformes,Anatidae,Tadorna,species,,BE,present,,,,pet,,New Zealand,freshwater,,,,,22/02/2019,Cristina Preda & Tim Adriaens,,unified
"Bucorvus leadbeateri (Vigors, 1825)",Bucerotiformes,Bucorvidae,Bucorvus,species,Flanders,BE,present,2018,2018,casual,pet | publicGardenZooAquaria,,Southern Africa | Eastern Africa | Middle Africa,terrestrial,,,,,22/02/2019,Cristina Preda & Tim Adriaens,,unified
"Dromaius novaehollandiae (Latham, 1790)",Casuariformes,Dromaiidae,Dromaius,species,Flanders,BE,present,,2018,casual,farmedAnimals,"1 occurrence in GBIF, 2016, http://waarnemingen.be ; occurrences in 2018 in http://observations.be",Australia,terrestrial,,,,,22/02/2019,Cristina Preda & Tim Adriaens,,gbif/waarnemingen.be dataset
"Vanellus armatus (Burchell, 1822)",Charadriiformes,Charadriidae,Vanellus,species,,BE,present,,,,,,Southern Africa | Eastern Africa | Middle Africa,freshwater,,,,,22/02/2019,Cristina Preda & Tim Adriaens,,unified
"Vanellus miles (Boddaert, 1783)",Charadriiformes,Charadriidae,Vanellus,species,,BE,present,,,,,,Australia | Papua New Guinea,freshwater,,,,,22/02/2019,Cristina Preda & Tim Adriaens,,unified
"Vanellus spinosus (Linnaeus, 1758)",Charadriiformes,Charadriidae,Vanellus,species,,BE,present,,,,,,Africa | Western Asia,freshwater,,,,,22/02/2019,Cristina Preda & Tim Adriaens,,unified
"Pluvianus aegyptius (Linnaeus, 1758)",Charadriiformes,Pluvianidae,Pluvianus,species,,BE,present,,,,,,Africa,freshwater,,,,,22/02/2019,Cristina Preda & Tim Adriaens,,unified
"Himantopus mexicanus (Statius Muller, 1776)",Charadriiformes,Recurvirostridae,Himantopus,species,Flanders,BE,present,2019,2020,reproducing,publicGardenZooAquaria,confirmed breeding in 2020,America,freshwater,,,,,22/02/2019,Cristina Preda & Tim Adriaens,,unified
"Leptoptilos crumenifer (Lesson, 1831)",Ciconiiformes,Ciconiidae,Leptoptilos,species,,BE,present,,,,pet | publicGardenZooAquaria,"1 occurrence in GBIF, 2002, unverified, http://waarnemingen.be",Africa,freshwater,,,,,22/02/2019,Cristina Preda & Tim Adriaens,,unified
"Anastomus lamelligerus Temminck, 1823",Ciconiiformes,Ciconiidae,Anastomus,species,,BE,present,,,,pet | publicGardenZooAquaria,"records form 2018, GBIF and http://observations.be",Africa,freshwater,,,,,22/02/2019,Cristina Preda & Tim Adriaens,,observations.be Natagora
"Mycteria ibis (Linnaeus, 1766)",Ciconiiformes,Ciconiidae,Mycteria,species,,BE,present,,,,pet | publicGardenZooAquaria,,Africa,freshwater,,,,,22/02/2019,Cristina Preda & Tim Adriaens,,unified
"Columba livia Gmelin, 1789",Columbiformes,Columbidae,Columba,species,,BE,present,,,invasive,pet | farmedAnimals,"extant, resident (native) in belgium acc. to IUCN red list",Europe | Asia,terrestrial,,,,,22/02/2019,Cristina Preda & Tim Adriaens,,unified
"Geopelia cuneata (Latham, 1802)",Columbiformes,Columbidae,Geopelia,species,,BE,present,,,,pet | publicGardenZooAquaria,,Australia,terrestrial,,,,,22/02/2019,Cristina Preda & Tim Adriaens,,unified
"Ocyphaps lophotes (Temminck, 1822)",Columbiformes,Columbidae,Ocyphaps,species,,BE,present,,,,pet | publicGardenZooAquaria,"3 occurrences in GBIF, 2012, 2014 and 2016; http://waarnemingen.be",Australia,terrestrial,,,,,22/02/2019,Cristina Preda & Tim Adriaens,,gbif/waarnemingen.be dataset
"Oena capensis (Linnaeus, 1766)",Columbiformes,Columbidae,Oena,species,,BE,present,,,,pet | publicGardenZooAquaria,,Sub-Saharan Africa | Madagascar,terrestrial,,,,,22/02/2019,Cristina Preda & Tim Adriaens,,unified
"Streptopelia risoria (Linnaeus, 1758)",Columbiformes,Columbidae,Streptopelia,species,,BE,present,,,,pet,,,terrestrial,,,,,22/02/2019,Cristina Preda & Tim Adriaens,,unified
"Streptopelia roseogrisea (Sundevall, 1857)",Columbiformes,Columbidae,Streptopelia,species,,BE,present,1975,,,pet,"8 occurrences in GBIF, 1975 to 2016; http://waarnemingen.be",Africa,terrestrial,,,,,22/02/2019,Cristina Preda & Tim Adriaens,,gbif/waarnemingen.be dataset
"Streptopelia senegalensis (Linnaeus, 1766)",Columbiformes,Columbidae,Streptopelia,species,,BE,present,,,,pet,"2 occurrences in GBIF, 2013 and 2015; http://waarnemingen.be",Africa | Asia,terrestrial,,,,,22/02/2019,Cristina Preda & Tim Adriaens,,gbif/waarnemingen.be dataset
"Streptopelia tranquebarica (Hermann, 1804)",Columbiformes,Columbidae,Streptopelia,species,,BE,present,,,,pet,"1 occurrence in GBIF, 2015, unverified; http://waarnemingen.be",Southeastern Asia,terrestrial,,,,,22/02/2019,Cristina Preda & Tim Adriaens,,gbif/waarnemingen.be dataset
"Streptopelia lugens (Rüppell, 1837)",Columbiformes,Columbidae,Streptopelia,species,,BE,present,,,,pet,"2 occurrences in 2016 and 2017, http://observations.be",Africa,terrestrial,,,,,22/02/2019,Cristina Preda & Tim Adriaens,,observations.be Natagora
"Ceryle rudis (Linnaeus, 1758)",Coraciiformes,Alcedinidae,Ceryle,species,,BE,present,,,,,,Africa | Western Asia | Southern Asia | Southeastern Asia,terrestrial,,,,,22/02/2019,Cristina Preda & Tim Adriaens,,unified
"Dacelo novaeguineae (Hermann, 1783)",Coraciiformes,Alcedinidae,Dacelo,species,Flanders,BE,present,2005,2009,reproducing,pet | publicGardenZooAquaria,,Australia,terrestrial,"Verbelen D. 2009 Gewone Kookaburra Dacelo novaeguineae, exoot de pas afgesneden. Natuur. Oriolus, 75(2):49-52.",,,,22/02/2019,Cristina Preda & Tim Adriaens,,unified
"Coracias abyssinicus Hermann, 1783",Coraciiformes,Coraciidae,Coracias,species,,BE,present,,,,,,Africa,terrestrial,,,,,22/02/2019,Cristina Preda & Tim Adriaens,,unified
"Caracara cheriway (Jacquin, 1784)",Falconiformes,Falconidae,Caracara,species,,BE,present,,,,pet,,South America | Central America,terrestrial,,,,,22/02/2019,Cristina Preda & Tim Adriaens,,gbif/waarnemingen.be dataset
"Falco biarmicus Temminck, 1825",Falconiformes,Falconidae,Falco,species,,BE,present,,,,pet,,Africa | Southern Europe,terrestrial,,,,,22/02/2019,Cristina Preda & Tim Adriaens,,unified
"Falco cherrug J.E.Gray, 1834",Falconiformes,Falconidae,Falco,species,,BE,present,,,,pet,EN in IUCN red list,Palearctic,terrestrial,,,,,22/02/2019,Cristina Preda & Tim Adriaens,,unified
"Falco sparverius Linnaeus, 1758",Falconiformes,Falconidae,Falco,species,,BE,present,,,,pet,,Nearctic | Neotropic,terrestrial,,,,,22/02/2019,Cristina Preda & Tim Adriaens,,unified
"Phalcoboenus megalopterus (Meyen, 1834)",Falconiformes,Falconidae,Phalcoboenus,species,,BE,present,,,,pet,"1 occurrence in GBIF, 2016, http://waarnemingen.be ; occ in 2016 and 2018 http://observations.be",South America,terrestrial,,,,,22/02/2019,Cristina Preda & Tim Adriaens,,gbif/waarnemingen.be dataset
"Numida meleagris (Linnaeus, 1758)",Galliformes,Numididae,Numida,species,,BE,present,,,,pet | publicGardenZooAquaria,occurrences between 2010 and 2018 in http://observations.be,Africa,terrestrial,,,,,22/02/2019,Cristina Preda & Tim Adriaens,,unified
"Callipepla californica (Shaw, 1798)",Galliformes,Odontophoridae,Callipepla,species,,BE,present,,,,pet,"7 occurrences in GBIF 2014 and 2015, http://waarnemingen.be",North America,terrestrial,,,,,22/02/2019,Cristina Preda & Tim Adriaens,,gbif/waarnemingen.be dataset
"Colinus virginianus (Linnaeus, 1758)",Galliformes,Odontophoridae,Colinus,species,,BE,present,2011,,,pet,"1 occurrence in GBIF in 2011, http://waarnemingen.be",North America,terrestrial,,,,,22/02/2019,Cristina Preda & Tim Adriaens,,gbif/waarnemingen.be dataset
"Alectoris chukar (J.E.Gray, 1830)",Galliformes,Phasianidae,Alectoris,species,,BE,present,2010,,,hunting,"2 occurrences in GBIF 2010 and 2015, http://waarnemingen.be",Asia,terrestrial,,,,,22/02/2019,Cristina Preda & Tim Adriaens,,gbif/waarnemingen.be dataset
"Alectoris graeca (Meisner, 1804)",Galliformes,Phasianidae,Alectoris,species,,BE,present,,,,hunting,,Southeast Europe,terrestrial,,,,,22/02/2019,Cristina Preda & Tim Adriaens,,unified
"Alectoris rufa (Linnaeus, 1758)",Galliformes,Phasianidae,Alectoris,species,,BE,present,,,,hunting,extant & vagrant (non-breeding) acc. to IUCN red list,Europe,terrestrial,,,,,22/02/2019,Cristina Preda & Tim Adriaens,,unified
"Chrysolophus amherstiae (Leadbeater, 1829)",Galliformes,Phasianidae,Chrysolophus,species,,BE,present,,,,pet,,China | Myanmar,terrestrial,,,,,22/02/2019,Cristina Preda & Tim Adriaens,,unified
"Chrysolophus pictus (Linnaeus, 1758)",Galliformes,Phasianidae,Chrysolophus,species,,BE,present,,,,pet,,China,terrestrial,,,,,22/02/2019,Cristina Preda & Tim Adriaens,,unified
"Coturnix chinensis (Linnaeus, 1766)",Galliformes,Phasianidae,Coturnix,species,,BE,doubtful,2001,,,farmedAnimals | pet,"2 occurrences in GBIF 2001 and 2003, http://waarnemingen.be",Southern Asia | Southeastern Asia | Australia,terrestrial,,,,,22/02/2019,Cristina Preda & Tim Adriaens,,gbif/waarnemingen.be dataset
"Coturnix japonica Temminck & Schlegel, 1849",Galliformes,Phasianidae,Coturnix,species,,BE,present,,,,farmedAnimals | pet,NT in IUCN red list,Eastern Asia,terrestrial,,,,,22/02/2019,Cristina Preda & Tim Adriaens,,unified
"Gallus gallus (Linnaeus, 1758)",Galliformes,Phasianidae,Gallus,species,,BE,present,,,released,farmedAnimals,374 occurrences in GBIF,Southeastern Asia | Southern Asia,terrestrial,,,,,22/02/2019,Cristina Preda & Tim Adriaens,,gbif/waarnemingen.be dataset
"Lagopus lagopus (Linnaeus, 1758)",Galliformes,Phasianidae,Lagopus,species,Wallonia,BE,present,1890s,,,hunting,"introduced and established in eastern Belgium, 70 pairs released at Hoch Venn in the early 1890s (Long 1981)",North America | Eurasia,terrestrial,"Long J.L. 1981 Introduced birds of the world. The worldwide history, distribution, and influence of birds introduced to new environments.",,,,21/02/2019,Cristina Preda & Tim Adriaens,,GAVIA
"Lophura nycthemera (Linnaeus, 1758)",Galliformes,Phasianidae,Lophura,species,,BE,present,,,,pet,,Southeastern Asia,terrestrial,,,,,22/02/2019,Cristina Preda & Tim Adriaens,,unified
"Lophura leucomelanos (Latham, 1790)",Galliformes,Phasianidae,Lophura,species,,BE,present,2012,,,pet,occurrences between 2012 and 2016 on http://waarnemingen.be and http://observations.be,Southern Asia | Eastern Asia,terrestrial,,,,,22/02/2019,Cristina Preda & Tim Adriaens,,gbif/waarnemingen.be dataset
"Meleagris gallopavo Linnaeus, 1758",Galliformes,Phasianidae,Meleagris,species,,BE,present,,,,farmedAnimals,,North America,terrestrial,,,,,22/02/2019,Cristina Preda & Tim Adriaens,,unified
"Pavo cristatus Linnaeus, 1758",Galliformes,Phasianidae,Pavo,species,,BE,present,,,,pet | publicGardenZooAquaria,154 occurrences in GBIF,,terrestrial,,,,,22/02/2019,Cristina Preda & Tim Adriaens,,gbif/waarnemingen.be dataset
Phasianus colchicus,Galliformes,Phasianidae,Phasianus,species,Belgium,BE,present,18th century,2019,established,hunting | pet,extant & introduced (resident) acc. to IUCN red list,Palearctic,terrestrial,Lever C. 2005. Naturalised Birds of the World. London: T & A D Poyser.,,,,22/02/2019,Cristina Preda & Tim Adriaens,,unified
"Phasianus versicolor Vieillot, 1825",Galliformes,Phasianidae,Phasianus,species,,BE,present,2001,,,pet,"5 occurrences in GBIF, one in 2001, then 2015 and 2016; http://waarnemingen.be",Japan,terrestrial,,,,,22/02/2019,Cristina Preda & Tim Adriaens,,gbif/waarnemingen.be dataset
"Syrmaticus reevesii (J.E.Gray, 1829)",Galliformes,Phasianidae,Syrmaticus,species,,BE,present,,,reproducing,pet,population in Meerdaelwoud,China,terrestrial,,,,,22/02/2019,Cristina Preda & Tim Adriaens,,unified
"Anthropoides paradiseus (A.A.H.Lichtenstein, 1793)",Gruiformes,Gruidae,Anthropoides,species,,BE,present,2016,,,pet | publicGardenZooAquaria,"1 occurrence in GBIF, 2016; http://waarnemingen.be ; VU in IUCN red list",Africa,terrestrial,,,,,22/02/2019,Cristina Preda & Tim Adriaens,,gbif/waarnemingen.be dataset
"Anthropoides virgo (Linnaeus, 1758)",Gruiformes,Gruidae,Anthropoides,species,,BE,present,,,,pet | publicGardenZooAquaria,"look for Aves, 53/3 | 2016 | 105-128",Asia,freshwater,,,,,22/02/2019,Cristina Preda & Tim Adriaens,,unified
"Balearica regulorum (E.T.Bennett, 1834)",Gruiformes,Gruidae,Balearica,species,,BE,present,,,,,,,terrestrial,,,,,22/02/2019,Cristina Preda & Tim Adriaens,,unified
"Grus japonensis (Statius Muller, 1776)",Gruiformes,Gruidae,Grus,species,,BE,present,,,,,,Eastern Asia,freshwater,,,,,22/02/2019,Cristina Preda & Tim Adriaens,,unified
"Grus vipio Pallas, 1811",Gruiformes,Gruidae,Grus,species,Flanders,BE,present,2011,,,pet | publicGardenZooAquaria,recorded in 2011 in Flanders,Eastern Asia | Central Asia,terrestrial,,,,,22/02/2019,Cristina Preda & Tim Adriaens,,unified
"Porphyrio porphyrio (Linnaeus, 1758)",Gruiformes,Rallidae,Porphyrio,species,,BE,present,,,,pet | publicGardenZooAquaria,extant & vagrant (non-breeding) acc. to IUCN red list,Eurasia Africa,freshwater,,,,,22/02/2019,Cristina Preda & Tim Adriaens,,unified
"Crinifer zonurus (Rüppell, 1835)",Musophagiformes,Musophagide,Crinifer,species,,BE,present,2017,,,pet | publicGardenZooAquaria,"1 occurrencesurrence in 2017, http://observations.be",Africa,terrestrial,,,,,22/02/2019,Cristina Preda & Tim Adriaens,,http://observations.be Natagora
"Iduna rama (Sykes, 1832)",Passeriformes,Acrocephalidae,Iduna,species,,BE,present,,,,,,,terrestrial,,,,,22/02/2019,Cristina Preda & Tim Adriaens,,unified
"Bombycilla japonica (Siebold, 1824)",Passeriformes,Bombycillidae,Bombycilla,species,,BE,present,,,,,,Eastern Asia,terrestrial,,,,,22/02/2019,Cristina Preda & Tim Adriaens,,unified
"Passerina caerulea (Linnaeus, 1758)",Passeriformes,Cardinalidae,Passerina,species,,BE,present,,,,,,,terrestrial,,,,,22/02/2019,Cristina Preda & Tim Adriaens,,unified
"Corvus albicollis Latham, 1790",Passeriformes,Corvidae,Corvus,species,,BE,present,1990,,,pet | publicGardenZooAquaria,"1 occurrence in GBIF, 1990, unverified, http://waarnemingen.be",Africa,terrestrial,,,,,22/02/2019,Cristina Preda & Tim Adriaens,,gbif/waarnemingen.be dataset
"Corvus albus Statius Muller, 1776",Passeriformes,Corvidae,Corvus,species,,BE,present,,,,,,Western Africa | Middle Africa | Eastern Africa | Southern Africa,terrestrial,,,,,22/02/2019,Cristina Preda & Tim Adriaens,,unified
"Corvus splendens Vieillot, 1817",Passeriformes,Corvidae,Corvus,species,,BE,present,,,,,,Southern Asia | Southeastern Asia,terrestrial,,,,,22/02/2019,Cristina Preda & Tim Adriaens,,unified
"Cyanopica cooki Bonaparte, 1850",Passeriformes,Corvidae,Cyanopica,species,,BE,present,2015,2016,,pet | publicGardenZooAquaria,"4 occurrences in GBIF, 2015 and 2016, unverified, http://waarnemingen.be",Spain | Portugal,terrestrial,,,,,22/02/2019,Cristina Preda & Tim Adriaens,,gbif/waarnemingen.be dataset
"Urocissa erythroryncha (Boddaert, 1783)",Passeriformes,Corvidae,Urocissa,species,,BE,present,2017,,,pet | publicGardenZooAquaria,"1 occurrence in 2017, http://observations.be",Eastern Asia | Southern Asia,terrestrial,,,,,22/02/2019,Cristina Preda & Tim Adriaens,,http://observations.be Natagora
"Gymnorhina tibicen (Latham, 1802)",Passeriformes,Cracticidae,Gymnorhina,species,,BE,present,,,,pet | publicGardenZooAquaria,"1 occurrence in 2018, https://observatios.be",Southeastern Asia | Australia,terrestrial,,,,,22/02/2019,Cristina Preda & Tim Adriaens,,http://observations.be Natagora
"Cardinalis cardinalis Linnaeus, 1758",Passeriformes,Emberizidae,Cardinalis,species,,BE,present,,,,,,,terrestrial,,,,,22/02/2019,Cristina Preda & Tim Adriaens,,unified
"Junco hyemalis Linnaeus, 1758",Passeriformes,Emberizidae,Junco,species,,BE,present,,,,,,,terrestrial,,,,,22/02/2019,Cristina Preda & Tim Adriaens,,unified
"Melospiza melodia (A.Wilson, 1810)",Passeriformes,Emberizidae,Melospiza,species,,BE,present,,,,,,,terrestrial,,,,,22/02/2019,Cristina Preda & Tim Adriaens,,unified
"Quiscalus major (Viellot, 1819)",Passeriformes,Emberizidae,Quiscalus,species,,BE,present,,,,,,,terrestrial,,,,,22/02/2019,Cristina Preda & Tim Adriaens,,unified
"Quiscalus quiscula Linnaeus, 1758",Passeriformes,Emberizidae,Quiscalus,species,,BE,present,2012,,,pet | publicGardenZooAquaria,"1 occurrence in GBIF, 2012, http://waarnemingen.be",North America,terrestrial,,,,,22/02/2019,Cristina Preda & Tim Adriaens,,gbif/waarnemingen.be dataset
"Zonotrichia capensis (P.L.Statius Müller, 1776)",Passeriformes,Emberizidae,Zonotrichia,species,Flanders,BE,present,2018,,,pet | publicGardenZooAquaria,"1 occurrence in 2018, http://observations.be",South America,terrestrial,,,,,22/02/2019,Cristina Preda & Tim Adriaens,,http://observations.be Natagora
"Amandava amandava (Linnaeus, 1758)",Passeriformes,Estrildidae,Amandava,species,,BE,present,,,,pet,,Southern Asia | Southeastern Asia,terrestrial,,,,,22/02/2019,Cristina Preda & Tim Adriaens,,unified
"Amandava subflava (Vieillot, 1819)",Passeriformes,Estrildidae,Amandava,species,,BE,present,,,,pet,"1 occurrence in 2017, http://observations.be",Africa,terrestrial,,,,,22/02/2019,Cristina Preda & Tim Adriaens,,gbif/waarnemingen.be dataset
"Estrilda astrild (Linnaeus, 1758)",Passeriformes,Estrildidae,Estrilda,species,,BE,present,,,,pet,,Western Africa | Middle Africa | Eastern Africa | Southern Africa,terrestrial,,,,,22/02/2019,Cristina Preda & Tim Adriaens,,unified
"Lonchura oryzivora (Linnaeus, 1758)",Passeriformes,Estrildidae,Lonchura,species,,BE,present,,,,pet,"4 occurrences in GBIF, 2014, 2015 and 2016; http://waarnemingen.be; endangered in native range acc to IUCN red list",Indonesia,terrestrial,,,,,22/02/2019,Cristina Preda & Tim Adriaens,,gbif/waarnemingen.be dataset
"Lonchura punctulata (Linnaeus, 1758)",Passeriformes,Estrildidae,Lonchura,species,,BE,present,2016,,,pet,"1 occurrence in GBIF 2016, http://waarnemingen.be",Southern Asia | Eastern Asia | Southeastern Asia,terrestrial,,,,,22/02/2019,Cristina Preda & Tim Adriaens,,gbif/waarnemingen.be dataset
"Lonchura striata domestica (Linnaeus, 1766)",Passeriformes,Estrildidae,Lonchura,subspecies,,BE,present,2009,,,pet,"2 occurrences in 2009 and 2016, http://observations.be",Southern Asia | Southeastern Asia,terrestrial,,,,,22/02/2019,Cristina Preda & Tim Adriaens,,http://observations.be Natagora
"Euodice malabarica (Linnaeus, 1758)",Passeriformes,Estrildidae,Euodice,species,Wallonia,BE,present,2013,2013,,pet | publicGardenZooAquaria,"1 occurrence in 2013, http://observations.be",Southern Asia,terrestrial,,,,,22/02/2019,Cristina Preda & Tim Adriaens,,http://observations.be Natagora
"Neochmia ruficauda (Gould, 1837)",Passeriformes,Estrildidae,Neochmia,species,,BE,present,2009,2013,,pet | publicGardenZooAquaria,"2 occurrences in GBIF 2009 and 2013, http://waarnemingen.be",Australia,terrestrial,,,,,22/02/2019,Cristina Preda & Tim Adriaens,,gbif/waarnemingen.be dataset
Poephila guttata,Passeriformes,Estrildidae,Poephila,species,,BE,present,,,,,,,terrestrial,,,,,22/02/2019,Cristina Preda & Tim Adriaens,,unified
"Taeniopygia guttata (Vieillot, 1817)",Passeriformes,Estrildidae,Taeniopygia,species,,BE,present,,,,,,,terrestrial,,,,,22/02/2019,Cristina Preda & Tim Adriaens,,unified
"Carpodacus roseus (Pallas, 1776)",Passeriformes,Fringillidae,Carpodacus,species,,BE,present,,,,,,,terrestrial,,,,,22/02/2019,Cristina Preda & Tim Adriaens,,unified
"Carpodacus sibiricus (Pallas, 1773)",Passeriformes,Fringillidae,Carpodacus,species,,BE,present,1996,2011,,pet | publicGardenZooAquaria,"2 occurrences in GBIF, 1996 and 2011 unverified; http://waarnemingen.be",Asia,terrestrial,,,,,22/02/2019,Cristina Preda & Tim Adriaens,,gbif/waarnemingen.be dataset
"Chloris spinoides (Vigors, 1831)",Passeriformes,Fringillidae,Chloris,species,,BE,present,2003,,,pet | publicGardenZooAquaria,"1 occurrence in GBIF, 2003, unverified; http://waarnemingen.be",Southern Asia | Eastern Asia,terrestrial,,,,,22/02/2019,Cristina Preda & Tim Adriaens,,gbif/waarnemingen.be dataset
"Crithagra mozambica (P.L.Statius Müller, 1776)",Passeriformes,Fringillidae,Crithagra,species,,BE,present,,,,,,,terrestrial,,,,,22/02/2019,Cristina Preda & Tim Adriaens,,unified
"Haemorhous mexicanus (P.L.Statius Müller, 1776)",Passeriformes,Fringillidae,Haemorhous,species,,BE,present,1995,2016,,pet | publicGardenZooAquaria,"13 occurrences in GBIF, between 1995 and 2016, http://waarnemingen.be",North America,terrestrial,,,,,22/02/2019,Cristina Preda & Tim Adriaens,,gbif/waarnemingen.be dataset
"Mycerobas icterioides (Vigors, 1830)",Passeriformes,Fringillidae,Mycerobas,species,,BE,present,2005,,,pet | publicGardenZooAquaria,"1 occurrence in GBIF, 2005, unverified, http://waarnemingen.be",Southern Asia,terrestrial,,,,,22/02/2019,Cristina Preda & Tim Adriaens,,gbif/waarnemingen.be dataset
"Pyrrhula erythaca Blyth, 1862",Passeriformes,Fringillidae,Pyrrhula,species,Wallonia,BE,present,2004,2004,,pet | publicGardenZooAquaria,"1 occurrence in 2004, http://observations.be",Southern Asia | Eastern Asia,terrestrial,,,,,22/02/2019,Cristina Preda & Tim Adriaens,,http://observations.be Natagora
"Rhodospiza obsoleta (M.H.K.Lichtenstein, 1823)",Passeriformes,Fringillidae,Rhodospiza,species,,BE,present,,,,,,,terrestrial,,,,,22/02/2019,Cristina Preda & Tim Adriaens,,unified
"Serinus canaria (Linnaeus, 1758)",Passeriformes,Fringillidae,Serinus,species,,BE,present,,,,,,Macaronesia,terrestrial,,,,,22/02/2019,Cristina Preda & Tim Adriaens,,unified
"Chrysomus icterocephalus (Linnaeus, 1766)",Passeriformes,Icteridae,Chrysomus,species,,BE,present,,,,,,,terrestrial,,,,,22/02/2019,Cristina Preda & Tim Adriaens,,unified
"Leiothrix lutea (Scopoli, 1786)",Passeriformes,Leiothrichidae,Leiothrix,species,,BE,present,1994,2018,,pet,"13 occurrences in GBIF, between 1994 and 2014; http://waarnemingen.be ; occurrences between 1994 and 2018 on http://observations.be",Eastern Asia | Southern Asia,terrestrial,,,,,22/02/2019,Cristina Preda & Tim Adriaens,,unified
"Garrulax leucolophus (Hardwicke, 1816)",Passeriformes,Leiothrichidae,Garrulax,species,Flanders,BE,present,1973,1973,,pet | publicGardenZooAquaria,"occurrences in 1973, http://observations.be",Eastern Asia | Southern Asia,terrestrial,"Claes G., publicatie: IJsvogel (1973) 2 : 15, Viversel, gebiedswaarneming",,,,22/02/2019,Cristina Preda & Tim Adriaens,,http://observations.be Natagora
"Turdus dissimilis Blyth, 1847",Passeriformes,Muscicapidae,Turdus,species,,BE,present,,,,,,,terrestrial,,,,,22/02/2019,Cristina Preda & Tim Adriaens,,unified
"Oriolus auratus Vieillot, 1817",Passeriformes,Oriolidae,Oriolus,species,,BE,present,2017,,,pet | publicGardenZooAquaria,"occurrences in 2017, http://observations.be",Africa,terrestrial,,,,,22/02/2019,Cristina Preda & Tim Adriaens,,http://observations.be Natagora
"Euplectes afer (Gmelin, 1789)",Passeriformes,Ploceidae,Euplectes,species,,BE,present,,,,,,Western Africa | Middle Africa | Eastern Africa | Southern Africa,terrestrial,,,,,22/02/2019,Cristina Preda & Tim Adriaens,,unified
"Euplectes franciscanus (Isert, 1789)",Passeriformes,Ploceidae,Euplectes,species,,BE,present,1991,2018,,pet,"4 occurrences in GBIF, 1991 and 2013; http://waarnemingen.be",Africa,terrestrial,,,,,22/02/2019,Cristina Preda & Tim Adriaens,,gbif/waarnemingen.be dataset
"Euplectes macroura (Gmelin, 1789)",Passeriformes,Ploceidae,Euplectes,species,,BE,present,2010,,,pet,"1 occurrence in GBIF, 2010, http://waarnemingen.be",Africa,terrestrial,,,,,22/02/2019,Cristina Preda & Tim Adriaens,,gbif/waarnemingen.be dataset
"Euplectes orix (Linnaeus, 1758)",Passeriformes,Ploceidae,Euplectes,species,,BE,present,,,,,,Western Africa | Middle Africa | Eastern Africa | Southern Africa,terrestrial,,,,,22/02/2019,Cristina Preda & Tim Adriaens,,unified
"Ploceus jacksoni Shelley, 1888",Passeriformes,Ploceidae,Ploceus,species,,BE,present,,,,,,Eastern Africa,terrestrial,,,,,22/02/2019,Cristina Preda & Tim Adriaens,,unified
"Ploceus melanocephalus (Linnaeus, 1758)",Passeriformes,Ploceidae,Ploceus,species,,BE,present,,,,,,Western Africa | Middle Africa | Eastern Africa | Southern Africa,terrestrial,,,,,22/02/2019,Cristina Preda & Tim Adriaens,,unified
"Pycnonotus barbatus (Desfontaines, 1789)",Passeriformes,Pycnonotidae,Pycnonotus,species,,BE,present,2016,,,pet,"1 occurrence in GBIF, 2016, unverified, http://waarnemingen.be",Africa,terrestrial,,,,,22/02/2019,Cristina Preda & Tim Adriaens,,gbif/waarnemingen.be dataset
"Pycnonotus cafer (Linnaeus, 1766)",Passeriformes,Pycnonotidae,Pycnonotus,species,,BE,present,,,,pet,,Southeastern Asia | Southern Asia,terrestrial,,,,,22/02/2019,Cristina Preda & Tim Adriaens,,unified
"Pycnonotus jocosus (Linnaeus, 1758)",Passeriformes,Pycnonotidae,Pycnonotus,species,,BE,present,,,,pet,,Southern Asia | Southeastern Asia,terrestrial,,,,,22/02/2019,Cristina Preda & Tim Adriaens,,unified
"Pycnonotus leucotis (Gould, 1836)",Passeriformes,Pycnonotidae,Pycnonotus,species,,BE,present,2013,,,pet,"1 occurrence in GBIF, 2013, unverified, http://waarnemingen.be",Western Asia | Southern Asia,terrestrial,,,,,22/02/2019,Cristina Preda & Tim Adriaens,,gbif/waarnemingen.be dataset
"Acridotheres cristatellus (Linnaeus, 1758)",Passeriformes,Sturnidae,Acridotheres,species,Flanders,BE,present,2004,2018,reproducing,pet,"breeding confirmed in 2005 Antwerpse Linkeroevergebied, Prosperdorp",Eastern Asia | Southeastern Asia,terrestrial,"Vermeersch G., A. Anselin & K. Devos 2006. Bijzondere broedvogels in Vlaanderen in de periode 1994-2005. Populatietrends en recente status van zeldzame, kolonievormende en exotische broedvogels in Vlaanderen. Mededeling INBO.M.2006.2. Instituut voor Natuur- en Bosonderzoek, Brussel.",,,,22/02/2019,Cristina Preda & Tim Adriaens,,unified
"Acridotheres cristatellus (Linnaeus, 1758)",Passeriformes,Sturnidae,Acridotheres,species,Wallonia,BE,present,2009,,casual,pet,Offagne,Eastern Asia | Southeastern Asia,terrestrial,observations.be,,,,03/02/2020,Tim Adriaens,,obs.be
"Acridotheres ginginianus (Latham, 1790)",Passeriformes,Sturnidae,Acridotheres,species,,BE,present,,,casual,pet,,Southern Asia,terrestrial,,,,,22/02/2019,Cristina Preda & Tim Adriaens,,unified
"Acridotheres tristis (Linnaeus, 1766)",Passeriformes,Sturnidae,Acridotheres,species,Flanders,BE,present,2005,2017,reproducing,pet,,Central Asia | Southeastern Asia | Southern Asia,terrestrial,Bosmans J. 2009 Eerste broedgevallen van Treurmaina Acridotheres tristis voor België in Heist-op-den-Berg (A). Natuur.oriolus 75(4): 122-123,,,,22/02/2019,Cristina Preda & Tim Adriaens,,unified
"Gracupica nigricollis (Paykull, 1807)",Passeriformes,Sturnidae,Gracupica,species,,BE,present,,,,,,,terrestrial,,,,,22/02/2019,Cristina Preda & Tim Adriaens,,unified
"Lamprotornis chalybaeus Hemprich & Ehrenberg, 1828",Passeriformes,Sturnidae,Lamprotornis,species,,BE,present,2007,,,pet | publicGardenZooAquaria,"2 occurrences in GBIF, 2007, unverified, http://waarnemingen.be",Africa,terrestrial,,,,,22/02/2019,Cristina Preda & Tim Adriaens,,gbif/waarnemingen.be dataset
"Lamprotornis purpureus (Statius Muller, 1776)",Passeriformes,Sturnidae,Lamprotornis,species,,BE,present,,,,,,,terrestrial,,,,,22/02/2019,Cristina Preda & Tim Adriaens,,unified
"Lamprotornis superbus Rüppell, 1845",Passeriformes,Sturnidae,Lamprotornis,species,,BE,present,1983,2014,,pet | publicGardenZooAquaria,"2 occurrences in GBIF, 1983 and 2014, http://waarnemingen.be",Africa,terrestrial,,,,,22/02/2019,Cristina Preda & Tim Adriaens,,gbif/waarnemingen.be dataset
"Lamprotornis nitens (Linnaeus, 1766)",Passeriformes,Sturnidae,Lamprotornis,species,Flanders,BE,present,2018,,,pet | publicGardenZooAquaria,"1 incertain occurrence in 2018 unverified, http://observations.be",Africa,terrestrial,http://observations.be/waarneming/view/157503659,,,,22/02/2019,Cristina Preda & Tim Adriaens,,http://observations.be Natagora
"Lamprotornis splendidus (Vieillot, 1822)",Passeriformes,Sturnidae,Lamprotornis,species,Flanders,BE,present,2018,,,pet | publicGardenZooAquaria,"1 occurrence in 2018, http://observations.be",Africa,terrestrial,,,,,22/02/2019,Cristina Preda & Tim Adriaens,,http://observations.be Natagora
"Onychognathus tristramii (P.L.Sclater, 1858)",Passeriformes,Sturnidae,Onychognathus,species,,BE,present,,,,,,,terrestrial,,,,,22/02/2019,Cristina Preda & Tim Adriaens,,unified
"Sturnia sinensis (Gmelin, 1788)",Passeriformes,Sturnidae,Sturnia,species,,BE,present,,,,,,,terrestrial,,,,,22/02/2019,Cristina Preda & Tim Adriaens,,unified
"Paroaria coronata (J.F.Miller, 1776)",Passeriformes,Thraupidae,Paroaria,species,,BE,present,1986,2015,,pet | publicGardenZooAquaria,"2 occurrences in GBIF, 1986 and 2015, http://waarnemingen.be",South America,terrestrial,,,,,22/02/2019,Cristina Preda & Tim Adriaens,,gbif/waarnemingen.be dataset
"Vidua macroura (Pallas, 1764)",Passeriformes,Viduidae,Vidua,species,,BE,present,,,,,,,terrestrial,,,,,22/02/2019,Cristina Preda & Tim Adriaens,,unified
"Zosterops palpebrosus (Temminck, 1824)",Passeriformes,Zosteropidae,Zosterops,species,,BE,present,1992,,,pet,"2 occurrences in GBIF, 1992, unverified, http://waarnemingen.be",Eastern Asia | Southern Asia | Southeastern Asia,terrestrial,,,,,22/02/2019,Cristina Preda & Tim Adriaens,,gbif/waarnemingen.be dataset
"Egretta novaehollandiae (Latham, 1790)",Pelecaniformes,Ardeidae,Egretta,species,,BE,present,,,,pet | publicGardenZooAquaria,"31 occurrences in GBIF, 2015 and 2016, http://waarnemingen.be",Australia | Southeastern Asia,freshwater,,,,,22/02/2019,Cristina Preda & Tim Adriaens,,gbif/waarnemingen.be dataset
"Pelecanus onocrotalus Linnaeus, 1758",Pelecaniformes,Pelecanidae,Pelecanus,species,,BE,present,1988,,,publicGardenZooAquaria,248 occurrences. In GBIF between 1988 and 2016; http://waarnemingen.be,Africa | Eastern Europe,freshwater,,,,,22/02/2019,Cristina Preda & Tim Adriaens,,gbif/waarnemingen.be dataset
"Pelecanus rufescens Gmelin, 1789",Pelecaniformes,Pelecanidae,Pelecanus,species,,BE,present,,,,publicGardenZooAquaria,,,freshwater,,,,,22/02/2019,Cristina Preda & Tim Adriaens,,unified
"Pelecanus conspicillatus Temminck, 1824",Pelecaniformes,Pelecanidae,Pelecanus,species,,BE,present,2017,,,publicGardenZooAquaria,"occurrences in 2017 and 2018, http://observations.be",Australia,freshwater,,,,,22/02/2019,Cristina Preda & Tim Adriaens,,http://observations.be Natagora
"Scopus umbretta Gmelin, 1789",Pelecaniformes,Scopidae,Scopus,species,,BE,present,,,,pet | publicGardenZooAquaria,,,freshwater,,,,,22/02/2019,Cristina Preda & Tim Adriaens,,unified
"Bostrychia hagedash (Latham, 1790)",Pelecaniformes,Threskiornithidae,Bostrychia,species,,BE,present,,,,pet | publicGardenZooAquaria,,,freshwater,,,,,22/02/2019,Cristina Preda & Tim Adriaens,,unified
"Eudocimus albus (Linnaeus, 1758)",Pelecaniformes,Threskiornithidae,Eudocimus,species,,BE,present,2004,2018,casual,pet | publicGardenZooAquaria,,America,freshwater,http://waarnemingen.be,,,,21/02/2019,Tim Adriaens,,unified
"Eudocimus ruber (Linnaeus, 1758)",Pelecaniformes,Threskiornithidae,Eudocimus,species,,BE,present,2015,,,pet | publicGardenZooAquaria,"18 occ in GBIF in 2015, http://waarnemingen.be",South America,freshwater,,,,,22/02/2019,Cristina Preda & Tim Adriaens,,gbif/waarnemingen.be dataset
"Platalea alba Scopoli, 1786",Pelecaniformes,Threskiornithidae,Platalea,species,,BE,present,,,,pet | publicGardenZooAquaria,,Africa,freshwater,,,,,22/02/2019,Cristina Preda & Tim Adriaens,,unified
"Plegadis ridgwayi (Allen, 1876)",Pelecaniformes,Threskiornithidae,Plegadis,species,,BE,present,,,,pet | publicGardenZooAquaria,,,freshwater,,,,,22/02/2019,Cristina Preda & Tim Adriaens,,unified
"Theristicus melanopis (Gmelin, 1789)",Pelecaniformes,Threskiornithidae,Theristicus,species,,BE,present,1988,,,pet | publicGardenZooAquaria,248 occurrences in GBIF between 1988 and 2016; http://waarnemingen.be,South America,terrestrial,,,,,22/02/2019,Cristina Preda & Tim Adriaens,,gbif/waarnemingen.be dataset
"Threskiornis aethiopicus (Latham, 1790)",Pelecaniformes,Threskiornithidae,Threskiornis,species,Flanders,BE,present,1989,2019,casual,pet | publicGardenZooAquaria,,Africa | Middle East,freshwater,,,,,22/02/2019,Cristina Preda & Tim Adriaens,,unified
"Threskiornis spinicollis (Jameson, 1835)",Pelecaniformes,Threskiornithidae,Threskiornis,species,Flanders,BE,present,2008,2018,casual,pet | publicGardenZooAquaria,,Australia,freshwater,http://waarnemingen.be,,,,21/02/2019,Tim Adriaens,,unified
"Geronticus eremita (Linnaeus, 1758)",Pelecaniformes,Threskiornithidae,Threskiornis,species,,BE,present,2003,,,pet | publicGardenZooAquaria,"occurrences in 2003 and 2013 in http://observations.be, EN in IUCN red list",Africa,terrestrial,,,,,22/02/2019,Cristina Preda & Tim Adriaens,,http://observations.be Natagora
"Phoeniconaias minor (É.Geoffroy Saint-Hilaire, 1798)",Phoenicopteriformes,Phoenicopteridae,Phoeniconaias,species,,BE,present,,,,pet | publicGardenZooAquaria,,Africa,terrestrial,,,,,22/02/2019,Cristina Preda & Tim Adriaens,,unified
"Phoenicopterus chilensis Molina, 1782",Phoenicopteriformes,Phoenicopteridae,Phoenicopterus,species,,BE,present,,,,pet | publicGardenZooAquaria,,South America,terrestrial,,,,,22/02/2019,Cristina Preda & Tim Adriaens,,unified
"Phoenicopterus roseus Pallas, 1811",Phoenicopteriformes,Phoenicopteridae,Phoenicopterus,species,,BE,present,,,,pet | publicGardenZooAquaria,,Africa | Southern Asia | Southern Europe | Western Asia,terrestrial,,,,,22/02/2019,Cristina Preda & Tim Adriaens,,unified
Phoenicopterus ruber,Phoenicopteriformes,Phoenicopteridae,Phoenicopterus,species,,BE,present,,,,pet | publicGardenZooAquaria,,Central America | South America,terrestrial,,,,,22/02/2019,Cristina Preda & Tim Adriaens,,unified
"Agapornis canus (Gmelin, 1788)",Psittaciformes,Psittacidae,Agapornis,species,Flanders,BE,present,1985,1985,released,pet | publicGardenZooAquaria,,Madagascar,terrestrial,GBIF Occurrence Download https://doi.org/10.15468/dl.ltslq6,,,,21/02/2019,Cristina Preda & Tim Adriaens,Diederik Strubbe,unified
Agapornis fischeri,Psittaciformes,Psittacidae,Agapornis,species,Flanders,BE,present,2009,2016,released,pet | publicGardenZooAquaria,"3 occurrences in GBIF, 2014 and 2016; http://waarnemingen.be",Tanzania,terrestrial,GBIF Occurrence Download https://doi.org/10.15468/dl.btde22,,,,21/02/2019,Cristina Preda & Tim Adriaens,Diederik Strubbe,unified
"Agapornis roseicollis (Stanley, 1814)",Psittaciformes,Psittacidae,Agapornis,species,Flanders,BE,present,1983,2016,released,pet | publicGardenZooAquaria,,Southwestern Africa,terrestrial,GBIF (data download not possible on 21/02/2019 - gbif download error),,,,21/02/2019,Cristina Preda & Tim Adriaens,Diederik Strubbe,unified
"Agapornis personatus Reichenow, 1887",Psittaciformes,Psittacidae,Agapornis,species,Flanders,BE,present,2014,2016,released,pet | publicGardenZooAquaria,"occurrences in 2014, 2016, 2018; http://observations.be",Africa,terrestrial,GBIF (data download not possible on 21/02/2019 - gbif download error),,,,21/02/2019,Cristina Preda & Tim Adriaens,Diederik Strubbe,http://observations.be Natagora
"Amazona amazonica (Linnaeus, 1766)",Psittaciformes,Psittacidae,Amazona,species,Flanders,BE,present,2002,2015,released,pet | publicGardenZooAquaria,,South America,terrestrial,GBIF (data download not possible on 21/02/2019 - gbif download error),,,,21/02/2019,Cristina Preda & Tim Adriaens,Diederik Strubbe,unified
"Amazona ochrocephala (Gmelin, 1788)",Psittaciformes,Psittacidae,Amazona,species,Flanders,BE,present,2007,2007,released,pet | publicGardenZooAquaria,,South America | Panama,terrestrial,GBIF (data download not possible on 21/02/2019 - gbif download error),,,,21/02/2019,Cristina Preda & Tim Adriaens,Diederik Strubbe,unified
"Ara ararauna (Linnaeus, 1758)",Psittaciformes,Psittacidae,Ara,species,Flanders,BE,present,2007,2014,released,pet | publicGardenZooAquaria,,South America | Central America,terrestrial,GBIF (data download not possible on 21/02/2019 - gbif download error),,,,21/02/2019,Cristina Preda & Tim Adriaens,Diederik Strubbe,unified
"Ara macao (Linnaeus, 1758)",Psittaciformes,Psittacidae,Ara,species,Flanders,BE,present,2002,2002,released,pet | publicGardenZooAquaria,,South America | Central America,terrestrial,GBIF (data download not possible on 21/02/2019 - gbif download error),,,,21/02/2019,Cristina Preda & Tim Adriaens,Diederik Strubbe,unified
"Cacatua roseicapilla Vieillot, 1817",Psittaciformes,Psittacidae,Cacatua,species,Flanders,BE,present,2016,2016,released,pet | publicGardenZooAquaria,"8 occurrences in GBIF in 2016, http://waarnemingen.be",Australia,terrestrial,GBIF (data download not possible on 21/02/2019 - gbif download error),,,,21/02/2019,Cristina Preda & Tim Adriaens,Diederik Strubbe,gbif/waarnemingen.be dataset
"Cyanoramphus novaezelandiae (Sparrman, 1787)",Psittaciformes,Psittacidae,Cyanoramphus,species,Flanders,BE,present,2013,2014,released,pet | publicGardenZooAquaria,,,terrestrial,GBIF (data download not possible on 21/02/2019 - gbif download error),,,,21/02/2019,Cristina Preda & Tim Adriaens,Diederik Strubbe,unified
"Melopsittacus undulatus (Shaw, 1805)",Psittaciformes,Psittacidae,Melopsittacus,species,Flanders,BE,present,1975,2016,released,pet | publicGardenZooAquaria,,,terrestrial,GBIF (data download not possible on 21/02/2019 - gbif download error),,,,21/02/2019,Cristina Preda & Tim Adriaens,Diederik Strubbe,unified
"Myiopsitta monachus (Boddaert, 1783)",Psittaciformes,Psittacidae,Myiopsitta,species,Brussels,BE,present,1979,2019,established,pet | publicGardenZooAquaria,,South America,terrestrial,"Weiserbs A. 2010. Espèces invasives: le cas des Psittacidés en Belgique. Incidences, évaluation des risques et éventail de mesures. Aves 47(1):21-35.",frequent,,,21/02/2019,Cristina Preda & Tim Adriaens,Diederik Strubbe,unified
"Nandayus nenday (Vieillot, 1823)",Psittaciformes,Psittacidae,Nandayus,species,Flanders,BE,present,2013,2013,released,pet | publicGardenZooAquaria,"1 occurrence in 2013 in GBIF, unverified; http://waarnemingen.be",South America,terrestrial,GBIF (data download not possible on 21/02/2019 - gbif download error),,,,21/02/2019,Cristina Preda & Tim Adriaens,Diederik Strubbe,gbif/waarnemingen.be dataset
"Nymphicus hollandicus (Kerr, 1792)",Psittaciformes,Psittacidae,Nymphicus,species,Flanders,BE,present,1975,2016,released,pet | publicGardenZooAquaria,,,terrestrial,GBIF (data download not possible on 21/02/2019 - gbif download error),,,,21/02/2019,Cristina Preda & Tim Adriaens,Diederik Strubbe,unified
"Platycercus elegans (Gmelin, 1788)",Psittaciformes,Psittacidae,Platycercus,species,Flanders,BE,present,2009,2016,released,pet | publicGardenZooAquaria,,,terrestrial,GBIF (data download not possible on 21/02/2019 - gbif download error),,,,21/02/2019,Cristina Preda & Tim Adriaens,Diederik Strubbe,unified
"Platycercus eximius (Shaw, 1792)",Psittaciformes,Psittacidae,Platycercus,species,Flanders,BE,present,2009,2016,released,pet | publicGardenZooAquaria,,,terrestrial,GBIF (data download not possible on 21/02/2019 - gbif download error),,,,21/02/2019,Cristina Preda & Tim Adriaens,Diederik Strubbe,unified
"Platycercus icterotis (Temminck & Kuhl, 1820)",Psittaciformes,Psittacidae,Platycercus,species,Flanders,BE,present,2015,2015,released,pet | publicGardenZooAquaria,"3 occurrences in GBIF, 2015, http://waarnemingen.be",Australia,terrestrial,GBIF (data download not possible on 21/02/2019 - gbif download error),,,,21/02/2019,Cristina Preda & Tim Adriaens,Diederik Strubbe,gbif/waarnemingen.be dataset
"Platycercus adscitus (Latham, 1790)",Psittaciformes,Psittacidae,Platycercus,species,Wallonia,BE,present,2012,2012,released,pet | publicGardenZooAquaria,"occurrences in 2012, http://observations.be",Australia,terrestrial,http://observations.be,,,,21/02/2019,Cristina Preda & Tim Adriaens,Diederik Strubbe,http://observations.be Natagora
"Poicephalus senegalus (Linnaeus, 1766)",Psittaciformes,Psittacidae,Poicephalus,species,Brussels,BE,present,1989,2016,released,pet | publicGardenZooAquaria,,,terrestrial,GBIF (data download not possible on 21/02/2019 - gbif download error),,,,21/02/2019,Cristina Preda & Tim Adriaens,Diederik Strubbe,unified
"Poicephalus senegalus (Linnaeus, 1766)",Psittaciformes,Psittacidae,Poicephalus,species,Flanders,BE,present,1989,2016,released,pet | publicGardenZooAquaria,,,terrestrial,GBIF (data download not possible on 21/02/2019 - gbif download error),,,,21/02/2019,Cristina Preda & Tim Adriaens,Diederik Strubbe,unified
"Poicephalus cryptoxanthus (W.Peters, 1854)",Psittaciformes,Psittacidae,Poicephalus,species,Flanders,BE,present,2001,2001,released,pet | publicGardenZooAquaria,"1 occurrence in GBIF, 2001, http://waarnemingen.be",Africa,terrestrial,GBIF (data download not possible on 21/02/2019 - gbif download error),,,,21/02/2019,Cristina Preda & Tim Adriaens,Diederik Strubbe,gbif/waarnemingen.be dataset
"Psephotus haematonotus (Gould, 1838)",Psittaciformes,Psittacidae,Psephotus,species,Flanders,BE,present,2004,2016,released,pet | publicGardenZooAquaria,,,terrestrial,GBIF (data download not possible on 21/02/2019 - gbif download error),,,,21/02/2019,Cristina Preda & Tim Adriaens,Diederik Strubbe,unified
"Psittacula alexandri (Linnaeus, 1758)",Psittaciformes,Psittacidae,Psittacula,species,Flanders,BE,present,2014,2016,released,pet | publicGardenZooAquaria,"9 occurrences in GBIF, 2014-2016",Southern Asia | Eastern Asia | Southeastern Asia,terrestrial,GBIF (data download not possible on 21/02/2019 - gbif download error),,,,21/02/2019,Cristina Preda & Tim Adriaens,Diederik Strubbe,gbif/waarnemingen.be dataset
"Psittacula cyanocephala (Linnaeus, 1766)",Psittaciformes,Psittacidae,Psittacula,species,Flanders,BE,present,2008,2014,released,pet | publicGardenZooAquaria,"2 occurrences in GBIF, 2008 and 2014, waarnemingem.be",Southern Asia,terrestrial,GBIF (data download not possible on 21/02/2019 - gbif download error),,,,21/02/2019,Cristina Preda & Tim Adriaens,Diederik Strubbe,gbif/waarnemingen.be dataset
"Psittacula derbiana (Fraser, 1852)",Psittaciformes,Psittacidae,Psittacula,species,Flanders,BE,present,2016,2016,released,pet | publicGardenZooAquaria,"1 occurrence in GBIF in 2016 unverified, http://waarnemingen.be",China | India,terrestrial,GBIF (data download not possible on 21/02/2019 - gbif download error),,,,21/02/2019,Cristina Preda & Tim Adriaens,Diederik Strubbe,gbif/waarnemingen.be dataset
"Psittacula eupatria (Linnaeus, 1766)",Psittaciformes,Psittacidae,Psittacula,species,Brussels,BE,present,1998,2019,colonizing,pet | publicGardenZooAquaria,,Southern Asia | Southeastern Asia,terrestrial,"Weiserbs A. 2010. Espèces invasives : le cas des Psittacidés en Belgique. Incidences, évaluation des risques et éventail de mesures. Aves 47(1):21-35.",,,,21/02/2019,Cristina Preda & Tim Adriaens,Diederik Strubbe,unified
"Psittacula krameri (Scopoli, 1769)",Psittaciformes,Psittacidae,Psittacula,species,Flanders,BE,present,1966,1967,reproducing,pet | publicGardenZooAquaria,"Report of a succesful breeding pair in Tervuren, but not seen anymore aftwerwards (this was not the start of the Belgian parakeet population). Not sure whether the label 'reproducing' is correct - should in face be 'failed' or 'extinct' for this population.",Southern Asia | Western Africa | Eastern Africa | Middle Africa,terrestrial,"de Schaetzen, R (1991) Halsbandparkieten broeden te Brussel. Mens en Vogel: 59-61",,,,21/02/2019,Cristina Preda & Tim Adriaens,Diederik Strubbe,unified
"Psittacula krameri (Scopoli, 1769)",Psittaciformes,Psittacidae,Psittacula,species,Brussels,BE,present,1974,2019,invasive,publicGardenZooAquaria,The current population stems from 40 to 45 birds that were intentionally released by the Meli zoo in 1974,Southern Asia | Western Africa | Eastern Africa | Middle Africa,terrestrial,"Weiserbs A. 2010. Espèces invasives : le cas des Psittacidés en Belgique. Incidences, évaluation des risques et éventail de mesures. Aves 47(1):21-35.",,,,21/02/2019,Cristina Preda & Tim Adriaens,Diederik Strubbe,unified
"Psittacus erithacus Linnaeus, 1758",Psittaciformes,Psittacidae,Psittacus,species,Flanders,BE,present,1993,2006,released,pet | publicGardenZooAquaria,,,terrestrial,GBIF (data download not possible on 21/02/2019 - gbif download error),,,,21/02/2019,Cristina Preda & Tim Adriaens,Diederik Strubbe,unified
"Trichoglossus haematodus (Linnaeus, 1771)",Psittaciformes,Psittacidae,Trichoglossus,species,Flanders,BE,present,2015,2016,released,pet | publicGardenZooAquaria,"2 occurrences in GBIF, 2015 and 2016 and another 2 occurrences for T. haematodus moluccanus, in 2015 and 2016; http://waarnemingen.be ;",Southeastern Asia,terrestrial,GBIF (data download not possible on 21/02/2019 - gbif download error),,,,21/02/2019,Cristina Preda & Tim Adriaens,Diederik Strubbe,gbif/waarnemingen.be dataset
"Polytelis swainsonii (Desmarest, 1826)",Psittaciformes,Psittacidae,Polytelis,species,Wallonia,BE,present,2017,2018,released,pet | publicGardenZooAquaria,"occurrences in 2017 and 2018, http://observations.be",Australia,terrestrial,GBIF (data download not possible on 21/02/2019 - gbif download error),,,,21/02/2019,Cristina Preda & Tim Adriaens,Diederik Strubbe,http://observations.be Natagora
"Polytelis anthopeplus (Lear, 1831)",Psittaciformes,Psittacidae,Polytelis,species,Wallonia,BE,present,2018,2018,released,pet | publicGardenZooAquaria,"1 occurrence in 2018, http://observations.be",Australia,terrestrial,GBIF (data download not possible on 21/02/2019 - gbif download error),,,,21/02/2019,Cristina Preda & Tim Adriaens,Diederik Strubbe,http://observations.be Natagora
"Eclectus roratus (Statius Muller, 1776)",Psittaciformes,Psittacidae,Eclectus,species,Flanders,BE,present,2010,2014,released,pet | publicGardenZooAquaria,"occurrences in 2014, http://observations.be",Southeastern Asia | Australia,terrestrial,GBIF (data download not possible on 21/02/2019 - gbif download error),,,,21/02/2019,Cristina Preda & Tim Adriaens,Diederik Strubbe,http://observations.be Natagora
"Pyrrhura perlata (von Spix, 1824)",Psittaciformes,Psittacidae,Pyrrhura,species,Wallonia,BE,present,2017,2017,captive,pet | publicGardenZooAquaria,"1 occurrence in 2017, http://observations.be; VU in IUCN red list",South America,terrestrial,GBIF (data download not possible on 21/02/2019 - gbif download error),,,,21/02/2019,Cristina Preda & Tim Adriaens,Diederik Strubbe,http://observations.be Natagora
"Bubo virginianus (Gmelin, 1788)",Strigiformes,Strigidae,Bubo,species,,BE,present,2007,,,pet,"3 occurrences in GBIF, one in 2007 and two in 2015; http://waarnemingen.be",Nearctic | Neotropic,terrestrial,,,,,22/02/2019,Cristina Preda & Tim Adriaens,,gbif/waarnemingen.be dataset
"Ninox connivens (Latham, 1802)",Strigiformes,Strigidae,Ninox,species,,BE,present,,,,pet | publicGardenZooAquaria,,,terrestrial,,,,,22/02/2019,Cristina Preda & Tim Adriaens,,unified
"Rhea americana (Linnaeus, 1758)",Struthioniformes,Rheidae,Rhea,species,,BE,present,,,,farmedAnimals,"4 occurrences on http://observations.be, 2018 and 2019;",South America,terrestrial,,,,,22/02/2019,Cristina Preda & Tim Adriaens,,http://observations.be Natagora
"Phalacrocorax auritus (Lesson, 1831)",Suliformes,Phalacrocoracidae,Phalacrocorax,species,,BE,present,,,,pet | publicGardenZooAquaria,,North America | Central America,freshwater,,,,,22/02/2019,Cristina Preda & Tim Adriaens,,unified
Anser anser f. domesticus,Anseriformes,Anatidae,Anser,species,,BE,present,,,,pet | farmedAnimals,,,freshwater,,,,,05/10/2021,Tim Adriaens,,
